size,algorithm,data_type,run_index,seed,time_s,comparisons,metadata,hostname,cpu_info,compiler_info,timestamp
1000,separate,random,0,42,0.000000265,0,"","INOVAI-NB-8","CPU info","GCC 13.3.0","2025-10-06 11:47:47"
1000,simultaneous,random,0,42,0.000000327,0,"","INOVAI-NB-8","CPU info","GCC 13.3.0","2025-10-06 11:47:47"
2000,separate,random,0,42,0.000000129,0,"","INOVAI-NB-8","CPU info","GCC 13.3.0","2025-10-06 11:47:47"
2000,simultaneous,random,0,42,0.000000604,0,"","INOVAI-NB-8","CPU info","GCC 13.3.0","2025-10-06 11:47:47"
3000,separate,random,0,42,0.000000183,0,"","INOVAI-NB-8","CPU info","GCC 13.3.0","2025-10-06 11:47:47"
3000,simultaneous,random,0,42,0.000000894,0,"","INOVAI-NB-8","CPU info","GCC 13.3.0","2025-10-06 11:47:47"
4000,separate,random,0,42,0.000000231,0,"","INOVAI-NB-8","CPU info","GCC 13.3.0","2025-10-06 11:47:47"
4000,simultaneous,random,0,42,0.000001191,0,"","INOVAI-NB-8","CPU info","GCC 13.3.0","2025-10-06 11:47:47"
5000,separate,random,0,42,0.000000288,0,"","INOVAI-NB-8","CPU info","GCC 13.3.0","2025-10-06 11:47:47"
5000,simultaneous,random,0,42,0.000001544,0,"","INOVAI-NB-8","CPU info","GCC 13.3.0","2025-10-06 11:47:47"
6000,separate,random,0,42,0.000000338,0,"","INOVAI-NB-8","CPU info","GCC 13.3.0","2025-10-06 11:47:47"
6000,simultaneous,random,0,42,0.000001856,0,"","INOVAI-NB-8","CPU info","GCC 13.3.0","2025-10-06 11:47:47"
7000,separate,random,0,42,0.000000390,0,"","INOVAI-NB-8","CPU info","GCC 13.3.0","2025-10-06 11:47:47"
7000,simultaneous,random,0,42,0.000002155,0,"","INOVAI-NB-8","CPU info","GCC 13.3.0","2025-10-06 11:47:47"
8000,separate,random,0,42,0.000000439,0,"","INOVAI-NB-8","CPU info","GCC 13.3.0","2025-10-06 11:47:47"
8000,simultaneous,random,0,42,0.000002459,0,"","INOVAI-NB-8","CPU info","GCC 13.3.0","2025-10-06 11:47:47"
9000,separate,random,0,42,0.000000494,0,"","INOVAI-NB-8","CPU info","GCC 13.3.0","2025-10-06 11:47:47"
9000,simultaneous,random,0,42,0.000002770,0,"","INOVAI-NB-8","CPU info","GCC 13.3.0","2025-10-06 11:47:47"
10000,separate,random,0,42,0.000000579,0,"","INOVAI-NB-8","CPU info","GCC 13.3.0","2025-10-06 11:47:47"
10000,simultaneous,random,0,42,0.000003073,0,"","INOVAI-NB-8","CPU info","GCC 13.3.0","2025-10-06 11:47:47"
20000,separate,random,0,42,0.000001549,0,"","INOVAI-NB-8","CPU info","GCC 13.3.0","2025-10-06 11:47:47"
20000,simultaneous,random,0,42,0.000006160,0,"","INOVAI-NB-8","CPU info","GCC 13.3.0","2025-10-06 11:47:47"
30000,separate,random,0,42,0.000002317,0,"","INOVAI-NB-8","CPU info","GCC 13.3.0","2025-10-06 11:47:47"
30000,simultaneous,random,0,42,0.000009211,0,"","INOVAI-NB-8","CPU info","GCC 13.3.0","2025-10-06 11:47:47"
40000,separate,random,0,42,0.000003443,0,"","INOVAI-NB-8","CPU info","GCC 13.3.0","2025-10-06 11:47:47"
40000,simultaneous,random,0,42,0.000012481,0,"","INOVAI-NB-8","CPU info","GCC 13.3.0","2025-10-06 11:47:47"
50000,separate,random,0,42,0.000004655,0,"","INOVAI-NB-8","CPU info","GCC 13.3.0","2025-10-06 11:47:47"
50000,simultaneous,random,0,42,0.000016097,0,"","INOVAI-NB-8","CPU info","GCC 13.3.0","2025-10-06 11:47:47"
60000,separate,random,0,42,0.000004820,0,"","INOVAI-NB-8","CPU info","GCC 13.3.0","2025-10-06 11:47:47"
60000,simultaneous,random,0,42,0.000017660,0,"","INOVAI-NB-8","CPU info","GCC 13.3.0","2025-10-06 11:47:47"
70000,separate,random,0,42,0.000005295,0,"","INOVAI-NB-8","CPU info","GCC 13.3.0","2025-10-06 11:47:47"
70000,simultaneous,random,0,42,0.000036851,0,"","INOVAI-NB-8","CPU info","GCC 13.3.0","2025-10-06 11:47:47"
80000,separate,random,0,42,0.000008367,0,"","INOVAI-NB-8","CPU info","GCC 13.3.0","2025-10-06 11:47:47"
80000,simultaneous,random,0,42,0.000024671,0,"","INOVAI-NB-8","CPU info","GCC 13.3.0","2025-10-06 11:47:47"
90000,separate,random,0,42,0.000011511,0,"","INOVAI-NB-8","CPU info","GCC 13.3.0","2025-10-06 11:47:47"
90000,simultaneous,random,0,42,0.000028353,0,"","INOVAI-NB-8","CPU info","GCC 13.3.0","2025-10-06 11:47:47"
100000,separate,random,0,42,0.000010340,0,"","INOVAI-NB-8","CPU info","GCC 13.3.0","2025-10-06 11:47:47"
100000,simultaneous,random,0,42,0.000036914,0,"","INOVAI-NB-8","CPU info","GCC 13.3.0","2025-10-06 11:47:47"
200000,separate,random,0,42,0.000014284,0,"","INOVAI-NB-8","CPU info","GCC 13.3.0","2025-10-06 11:47:47"
200000,simultaneous,random,0,42,0.000058618,0,"","INOVAI-NB-8","CPU info","GCC 13.3.0","2025-10-06 11:47:47"
300000,separate,random,0,42,0.000032181,0,"","INOVAI-NB-8","CPU info","GCC 13.3.0","2025-10-06 11:47:47"
300000,simultaneous,random,0,42,0.000088084,0,"","INOVAI-NB-8","CPU info","GCC 13.3.0","2025-10-06 11:47:47"
400000,separate,random,0,42,0.000042311,0,"","INOVAI-NB-8","CPU info","GCC 13.3.0","2025-10-06 11:47:47"
400000,simultaneous,random,0,42,0.000118757,0,"","INOVAI-NB-8","CPU info","GCC 13.3.0","2025-10-06 11:47:47"
500000,separate,random,0,42,0.000060962,0,"","INOVAI-NB-8","CPU info","GCC 13.3.0","2025-10-06 11:47:47"
500000,simultaneous,random,0,42,0.000156805,0,"","INOVAI-NB-8","CPU info","GCC 13.3.0","2025-10-06 11:47:47"
600000,separate,random,0,42,0.000075715,0,"","INOVAI-NB-8","CPU info","GCC 13.3.0","2025-10-06 11:47:47"
600000,simultaneous,random,0,42,0.000187858,0,"","INOVAI-NB-8","CPU info","GCC 13.3.0","2025-10-06 11:47:47"
700000,separate,random,0,42,0.000095966,0,"","INOVAI-NB-8","CPU info","GCC 13.3.0","2025-10-06 11:47:47"
700000,simultaneous,random,0,42,0.000237823,0,"","INOVAI-NB-8","CPU info","GCC 13.3.0","2025-10-06 11:47:47"
800000,separate,random,0,42,0.000110255,0,"","INOVAI-NB-8","CPU info","GCC 13.3.0","2025-10-06 11:47:47"
800000,simultaneous,random,0,42,0.000279096,0,"","INOVAI-NB-8","CPU info","GCC 13.3.0","2025-10-06 11:47:47"
900000,separate,random,0,42,0.000117038,0,"","INOVAI-NB-8","CPU info","GCC 13.3.0","2025-10-06 11:47:47"
900000,simultaneous,random,0,42,0.000300085,0,"","INOVAI-NB-8","CPU info","GCC 13.3.0","2025-10-06 11:47:47"
1000000,separate,random,0,42,0.000133597,0,"","INOVAI-NB-8","CPU info","GCC 13.3.0","2025-10-06 11:47:47"
1000000,simultaneous,random,0,42,0.000334877,0,"","INOVAI-NB-8","CPU info","GCC 13.3.0","2025-10-06 11:47:47"
2000000,separate,random,0,42,0.000306222,0,"","INOVAI-NB-8","CPU info","GCC 13.3.0","2025-10-06 11:47:47"
2000000,simultaneous,random,0,42,0.000704297,0,"","INOVAI-NB-8","CPU info","GCC 13.3.0","2025-10-06 11:47:47"
3000000,separate,random,0,42,0.000673594,0,"","INOVAI-NB-8","CPU info","GCC 13.3.0","2025-10-06 11:47:47"
3000000,simultaneous,random,0,42,0.001289646,0,"","INOVAI-NB-8","CPU info","GCC 13.3.0","2025-10-06 11:47:47"
4000000,separate,random,0,42,0.000864289,0,"","INOVAI-NB-8","CPU info","GCC 13.3.0","2025-10-06 11:47:47"
4000000,simultaneous,random,0,42,0.002147819,0,"","INOVAI-NB-8","CPU info","GCC 13.3.0","2025-10-06 11:47:47"
5000000,separate,random,0,42,0.001448420,0,"","INOVAI-NB-8","CPU info","GCC 13.3.0","2025-10-06 11:47:47"
5000000,simultaneous,random,0,42,0.002548127,0,"","INOVAI-NB-8","CPU info","GCC 13.3.0","2025-10-06 11:47:47"
6000000,separate,random,0,42,0.001988998,0,"","INOVAI-NB-8","CPU info","GCC 13.3.0","2025-10-06 11:47:47"
6000000,simultaneous,random,0,42,0.003691810,0,"","INOVAI-NB-8","CPU info","GCC 13.3.0","2025-10-06 11:47:47"
7000000,separate,random,0,42,0.002280478,0,"","INOVAI-NB-8","CPU info","GCC 13.3.0","2025-10-06 11:47:47"
7000000,simultaneous,random,0,42,0.004578173,0,"","INOVAI-NB-8","CPU info","GCC 13.3.0","2025-10-06 11:47:47"
8000000,separate,random,0,42,0.002443697,0,"","INOVAI-NB-8","CPU info","GCC 13.3.0","2025-10-06 11:47:47"
8000000,simultaneous,random,0,42,0.005329466,0,"","INOVAI-NB-8","CPU info","GCC 13.3.0","2025-10-06 11:47:47"
9000000,separate,random,0,42,0.003670105,0,"","INOVAI-NB-8","CPU info","GCC 13.3.0","2025-10-06 11:47:47"
9000000,simultaneous,random,0,42,0.008127595,0,"","INOVAI-NB-8","CPU info","GCC 13.3.0","2025-10-06 11:47:47"
10000000,separate,random,0,42,0.003172372,0,"","INOVAI-NB-8","CPU info","GCC 13.3.0","2025-10-06 11:47:47"
10000000,simultaneous,random,0,42,0.007062471,0,"","INOVAI-NB-8","CPU info","GCC 13.3.0","2025-10-06 11:47:47"
11000000,separate,random,0,42,0.003462481,0,"","INOVAI-NB-8","CPU info","GCC 13.3.0","2025-10-06 11:47:47"
11000000,simultaneous,random,0,42,0.007407265,0,"","INOVAI-NB-8","CPU info","GCC 13.3.0","2025-10-06 11:47:47"
12000000,separate,random,0,42,0.004335399,0,"","INOVAI-NB-8","CPU info","GCC 13.3.0","2025-10-06 11:47:47"
12000000,simultaneous,random,0,42,0.007224232,0,"","INOVAI-NB-8","CPU info","GCC 13.3.0","2025-10-06 11:47:47"
13000000,separate,random,0,42,0.004024222,0,"","INOVAI-NB-8","CPU info","GCC 13.3.0","2025-10-06 11:47:47"
13000000,simultaneous,random,0,42,0.009002286,0,"","INOVAI-NB-8","CPU info","GCC 13.3.0","2025-10-06 11:47:47"
14000000,separate,random,0,42,0.004288328,0,"","INOVAI-NB-8","CPU info","GCC 13.3.0","2025-10-06 11:47:47"
14000000,simultaneous,random,0,42,0.009290342,0,"","INOVAI-NB-8","CPU info","GCC 13.3.0","2025-10-06 11:47:47"
15000000,separate,random,0,42,0.004463877,0,"","INOVAI-NB-8","CPU info","GCC 13.3.0","2025-10-06 11:47:47"
15000000,simultaneous,random,0,42,0.009764113,0,"","INOVAI-NB-8","CPU info","GCC 13.3.0","2025-10-06 11:47:47"
16000000,separate,random,0,42,0.005077351,0,"","INOVAI-NB-8","CPU info","GCC 13.3.0","2025-10-06 11:47:47"
16000000,simultaneous,random,0,42,0.010847074,0,"","INOVAI-NB-8","CPU info","GCC 13.3.0","2025-10-06 11:47:47"
17000000,separate,random,0,42,0.005282362,0,"","INOVAI-NB-8","CPU info","GCC 13.3.0","2025-10-06 11:47:47"
17000000,simultaneous,random,0,42,0.011764384,0,"","INOVAI-NB-8","CPU info","GCC 13.3.0","2025-10-06 11:47:47"
18000000,separate,random,0,42,0.005781272,0,"","INOVAI-NB-8","CPU info","GCC 13.3.0","2025-10-06 11:47:47"
18000000,simultaneous,random,0,42,0.012517622,0,"","INOVAI-NB-8","CPU info","GCC 13.3.0","2025-10-06 11:47:47"
19000000,separate,random,0,42,0.005771065,0,"","INOVAI-NB-8","CPU info","GCC 13.3.0","2025-10-06 11:47:47"
19000000,simultaneous,random,0,42,0.013795408,0,"","INOVAI-NB-8","CPU info","GCC 13.3.0","2025-10-06 11:47:47"
20000000,separate,random,0,42,0.006223130,0,"","INOVAI-NB-8","CPU info","GCC 13.3.0","2025-10-06 11:47:47"
20000000,simultaneous,random,0,42,0.013707216,0,"","INOVAI-NB-8","CPU info","GCC 13.3.0","2025-10-06 11:47:47"
21000000,separate,random,0,42,0.006369076,0,"","INOVAI-NB-8","CPU info","GCC 13.3.0","2025-10-06 11:47:47"
21000000,simultaneous,random,0,42,0.014593322,0,"","INOVAI-NB-8","CPU info","GCC 13.3.0","2025-10-06 11:47:47"
22000000,separate,random,0,42,0.006951422,0,"","INOVAI-NB-8","CPU info","GCC 13.3.0","2025-10-06 11:47:47"
22000000,simultaneous,random,0,42,0.014475868,0,"","INOVAI-NB-8","CPU info","GCC 13.3.0","2025-10-06 11:47:47"
23000000,separate,random,0,42,0.007304645,0,"","INOVAI-NB-8","CPU info","GCC 13.3.0","2025-10-06 11:47:47"
23000000,simultaneous,random,0,42,0.015007665,0,"","INOVAI-NB-8","CPU info","GCC 13.3.0","2025-10-06 11:47:47"
24000000,separate,random,0,42,0.008679364,0,"","INOVAI-NB-8","CPU info","GCC 13.3.0","2025-10-06 11:47:47"
24000000,simultaneous,random,0,42,0.016047722,0,"","INOVAI-NB-8","CPU info","GCC 13.3.0","2025-10-06 11:47:47"
25000000,separate,random,0,42,0.008499525,0,"","INOVAI-NB-8","CPU info","GCC 13.3.0","2025-10-06 11:47:47"
25000000,simultaneous,random,0,42,0.017465673,0,"","INOVAI-NB-8","CPU info","GCC 13.3.0","2025-10-06 11:47:47"
26000000,separate,random,0,42,0.007930639,0,"","INOVAI-NB-8","CPU info","GCC 13.3.0","2025-10-06 11:47:47"
26000000,simultaneous,random,0,42,0.017620791,0,"","INOVAI-NB-8","CPU info","GCC 13.3.0","2025-10-06 11:47:47"
27000000,separate,random,0,42,0.008304503,0,"","INOVAI-NB-8","CPU info","GCC 13.3.0","2025-10-06 11:47:47"
27000000,simultaneous,random,0,42,0.017842601,0,"","INOVAI-NB-8","CPU info","GCC 13.3.0","2025-10-06 11:47:47"
28000000,separate,random,0,42,0.008376030,0,"","INOVAI-NB-8","CPU info","GCC 13.3.0","2025-10-06 11:47:47"
28000000,simultaneous,random,0,42,0.021461423,0,"","INOVAI-NB-8","CPU info","GCC 13.3.0","2025-10-06 11:47:47"
29000000,separate,random,0,42,0.010143853,0,"","INOVAI-NB-8","CPU info","GCC 13.3.0","2025-10-06 11:47:47"
29000000,simultaneous,random,0,42,0.023975672,0,"","INOVAI-NB-8","CPU info","GCC 13.3.0","2025-10-06 11:47:47"
30000000,separate,random,0,42,0.009044964,0,"","INOVAI-NB-8","CPU info","GCC 13.3.0","2025-10-06 11:47:47"
30000000,simultaneous,random,0,42,0.019435902,0,"","INOVAI-NB-8","CPU info","GCC 13.3.0","2025-10-06 11:47:47"
31000000,separate,random,0,42,0.010337314,0,"","INOVAI-NB-8","CPU info","GCC 13.3.0","2025-10-06 11:47:47"
31000000,simultaneous,random,0,42,0.021000050,0,"","INOVAI-NB-8","CPU info","GCC 13.3.0","2025-10-06 11:47:47"
32000000,separate,random,0,42,0.009781371,0,"","INOVAI-NB-8","CPU info","GCC 13.3.0","2025-10-06 11:47:47"
32000000,simultaneous,random,0,42,0.022196022,0,"","INOVAI-NB-8","CPU info","GCC 13.3.0","2025-10-06 11:47:47"
33000000,separate,random,0,42,0.010774674,0,"","INOVAI-NB-8","CPU info","GCC 13.3.0","2025-10-06 11:47:47"
33000000,simultaneous,random,0,42,0.022597184,0,"","INOVAI-NB-8","CPU info","GCC 13.3.0","2025-10-06 11:47:47"
34000000,separate,random,0,42,0.010451397,0,"","INOVAI-NB-8","CPU info","GCC 13.3.0","2025-10-06 11:47:47"
34000000,simultaneous,random,0,42,0.023832172,0,"","INOVAI-NB-8","CPU info","GCC 13.3.0","2025-10-06 11:47:47"
35000000,separate,random,0,42,0.012538842,0,"","INOVAI-NB-8","CPU info","GCC 13.3.0","2025-10-06 11:47:47"
35000000,simultaneous,random,0,42,0.028057422,0,"","INOVAI-NB-8","CPU info","GCC 13.3.0","2025-10-06 11:47:47"
36000000,separate,random,0,42,0.011444174,0,"","INOVAI-NB-8","CPU info","GCC 13.3.0","2025-10-06 11:47:47"
36000000,simultaneous,random,0,42,0.024713704,0,"","INOVAI-NB-8","CPU info","GCC 13.3.0","2025-10-06 11:47:47"
37000000,separate,random,0,42,0.011051829,0,"","INOVAI-NB-8","CPU info","GCC 13.3.0","2025-10-06 11:47:47"
37000000,simultaneous,random,0,42,0.024860177,0,"","INOVAI-NB-8","CPU info","GCC 13.3.0","2025-10-06 11:47:47"
38000000,separate,random,0,42,0.011251107,0,"","INOVAI-NB-8","CPU info","GCC 13.3.0","2025-10-06 11:47:47"
38000000,simultaneous,random,0,42,0.027213646,0,"","INOVAI-NB-8","CPU info","GCC 13.3.0","2025-10-06 11:47:47"
39000000,separate,random,0,42,0.011611182,0,"","INOVAI-NB-8","CPU info","GCC 13.3.0","2025-10-06 11:47:47"
39000000,simultaneous,random,0,42,0.028268648,0,"","INOVAI-NB-8","CPU info","GCC 13.3.0","2025-10-06 11:47:47"
40000000,separate,random,0,42,0.012012954,0,"","INOVAI-NB-8","CPU info","GCC 13.3.0","2025-10-06 11:47:47"
40000000,simultaneous,random,0,42,0.030242161,0,"","INOVAI-NB-8","CPU info","GCC 13.3.0","2025-10-06 11:47:47"
41000000,separate,random,0,42,0.012583221,0,"","INOVAI-NB-8","CPU info","GCC 13.3.0","2025-10-06 11:47:47"
41000000,simultaneous,random,0,42,0.027862525,0,"","INOVAI-NB-8","CPU info","GCC 13.3.0","2025-10-06 11:47:47"
42000000,separate,random,0,42,0.012399735,0,"","INOVAI-NB-8","CPU info","GCC 13.3.0","2025-10-06 11:47:47"
42000000,simultaneous,random,0,42,0.029219925,0,"","INOVAI-NB-8","CPU info","GCC 13.3.0","2025-10-06 11:47:47"
43000000,separate,random,0,42,0.013546068,0,"","INOVAI-NB-8","CPU info","GCC 13.3.0","2025-10-06 11:47:47"
43000000,simultaneous,random,0,42,0.028603503,0,"","INOVAI-NB-8","CPU info","GCC 13.3.0","2025-10-06 11:47:47"
44000000,separate,random,0,42,0.014538301,0,"","INOVAI-NB-8","CPU info","GCC 13.3.0","2025-10-06 11:47:47"
44000000,simultaneous,random,0,42,0.029860889,0,"","INOVAI-NB-8","CPU info","GCC 13.3.0","2025-10-06 11:47:47"
45000000,separate,random,0,42,0.014264998,0,"","INOVAI-NB-8","CPU info","GCC 13.3.0","2025-10-06 11:47:47"
45000000,simultaneous,random,0,42,0.030104308,0,"","INOVAI-NB-8","CPU info","GCC 13.3.0","2025-10-06 11:47:47"
46000000,separate,random,0,42,0.014869541,0,"","INOVAI-NB-8","CPU info","GCC 13.3.0","2025-10-06 11:47:47"
46000000,simultaneous,random,0,42,0.032895227,0,"","INOVAI-NB-8","CPU info","GCC 13.3.0","2025-10-06 11:47:47"
47000000,separate,random,0,42,0.014035655,0,"","INOVAI-NB-8","CPU info","GCC 13.3.0","2025-10-06 11:47:47"
47000000,simultaneous,random,0,42,0.032178392,0,"","INOVAI-NB-8","CPU info","GCC 13.3.0","2025-10-06 11:47:47"
48000000,separate,random,0,42,0.014575834,0,"","INOVAI-NB-8","CPU info","GCC 13.3.0","2025-10-06 11:47:47"
48000000,simultaneous,random,0,42,0.031917303,0,"","INOVAI-NB-8","CPU info","GCC 13.3.0","2025-10-06 11:47:47"
49000000,separate,random,0,42,0.014783382,0,"","INOVAI-NB-8","CPU info","GCC 13.3.0","2025-10-06 11:47:47"
49000000,simultaneous,random,0,42,0.033445617,0,"","INOVAI-NB-8","CPU info","GCC 13.3.0","2025-10-06 11:47:47"
50000000,separate,random,0,42,0.015547940,0,"","INOVAI-NB-8","CPU info","GCC 13.3.0","2025-10-06 11:47:47"
50000000,simultaneous,random,0,42,0.034161264,0,"","INOVAI-NB-8","CPU info","GCC 13.3.0","2025-10-06 11:47:47"
51000000,separate,random,0,42,0.015575687,0,"","INOVAI-NB-8","CPU info","GCC 13.3.0","2025-10-06 11:47:47"
51000000,simultaneous,random,0,42,0.033675923,0,"","INOVAI-NB-8","CPU info","GCC 13.3.0","2025-10-06 11:47:47"
52000000,separate,random,0,42,0.015334596,0,"","INOVAI-NB-8","CPU info","GCC 13.3.0","2025-10-06 11:47:47"
52000000,simultaneous,random,0,42,0.036332677,0,"","INOVAI-NB-8","CPU info","GCC 13.3.0","2025-10-06 11:47:47"
53000000,separate,random,0,42,0.015659761,0,"","INOVAI-NB-8","CPU info","GCC 13.3.0","2025-10-06 11:47:47"
53000000,simultaneous,random,0,42,0.037145844,0,"","INOVAI-NB-8","CPU info","GCC 13.3.0","2025-10-06 11:47:47"
54000000,separate,random,0,42,0.016166405,0,"","INOVAI-NB-8","CPU info","GCC 13.3.0","2025-10-06 11:47:47"
54000000,simultaneous,random,0,42,0.037104798,0,"","INOVAI-NB-8","CPU info","GCC 13.3.0","2025-10-06 11:47:47"
55000000,separate,random,0,42,0.016607791,0,"","INOVAI-NB-8","CPU info","GCC 13.3.0","2025-10-06 11:47:47"
55000000,simultaneous,random,0,42,0.036975085,0,"","INOVAI-NB-8","CPU info","GCC 13.3.0","2025-10-06 11:47:47"
56000000,separate,random,0,42,0.017554684,0,"","INOVAI-NB-8","CPU info","GCC 13.3.0","2025-10-06 11:47:47"
56000000,simultaneous,random,0,42,0.038478120,0,"","INOVAI-NB-8","CPU info","GCC 13.3.0","2025-10-06 11:47:47"
57000000,separate,random,0,42,0.016865834,0,"","INOVAI-NB-8","CPU info","GCC 13.3.0","2025-10-06 11:47:47"
57000000,simultaneous,random,0,42,0.039723778,0,"","INOVAI-NB-8","CPU info","GCC 13.3.0","2025-10-06 11:47:47"
58000000,separate,random,0,42,0.017639449,0,"","INOVAI-NB-8","CPU info","GCC 13.3.0","2025-10-06 11:47:47"
58000000,simultaneous,random,0,42,0.039268827,0,"","INOVAI-NB-8","CPU info","GCC 13.3.0","2025-10-06 11:47:47"
59000000,separate,random,0,42,0.018677774,0,"","INOVAI-NB-8","CPU info","GCC 13.3.0","2025-10-06 11:47:47"
59000000,simultaneous,random,0,42,0.040107946,0,"","INOVAI-NB-8","CPU info","GCC 13.3.0","2025-10-06 11:47:47"
60000000,separate,random,0,42,0.018189903,0,"","INOVAI-NB-8","CPU info","GCC 13.3.0","2025-10-06 11:47:47"
60000000,simultaneous,random,0,42,0.041615054,0,"","INOVAI-NB-8","CPU info","GCC 13.3.0","2025-10-06 11:47:47"
61000000,separate,random,0,42,0.018160230,0,"","INOVAI-NB-8","CPU info","GCC 13.3.0","2025-10-06 11:47:47"
61000000,simultaneous,random,0,42,0.042067261,0,"","INOVAI-NB-8","CPU info","GCC 13.3.0","2025-10-06 11:47:47"
62000000,separate,random,0,42,0.018343684,0,"","INOVAI-NB-8","CPU info","GCC 13.3.0","2025-10-06 11:47:47"
62000000,simultaneous,random,0,42,0.043235481,0,"","INOVAI-NB-8","CPU info","GCC 13.3.0","2025-10-06 11:47:47"
63000000,separate,random,0,42,0.019406144,0,"","INOVAI-NB-8","CPU info","GCC 13.3.0","2025-10-06 11:47:47"
63000000,simultaneous,random,0,42,0.043885563,0,"","INOVAI-NB-8","CPU info","GCC 13.3.0","2025-10-06 11:47:47"
64000000,separate,random,0,42,0.019014525,0,"","INOVAI-NB-8","CPU info","GCC 13.3.0","2025-10-06 11:47:47"
64000000,simultaneous,random,0,42,0.043210256,0,"","INOVAI-NB-8","CPU info","GCC 13.3.0","2025-10-06 11:47:47"
65000000,separate,random,0,42,0.018924613,0,"","INOVAI-NB-8","CPU info","GCC 13.3.0","2025-10-06 11:47:47"
65000000,simultaneous,random,0,42,0.044560558,0,"","INOVAI-NB-8","CPU info","GCC 13.3.0","2025-10-06 11:47:47"
66000000,separate,random,0,42,0.020740481,0,"","INOVAI-NB-8","CPU info","GCC 13.3.0","2025-10-06 11:47:47"
66000000,simultaneous,random,0,42,0.044918624,0,"","INOVAI-NB-8","CPU info","GCC 13.3.0","2025-10-06 11:47:47"
67000000,separate,random,0,42,0.020444388,0,"","INOVAI-NB-8","CPU info","GCC 13.3.0","2025-10-06 11:47:47"
67000000,simultaneous,random,0,42,0.049668613,0,"","INOVAI-NB-8","CPU info","GCC 13.3.0","2025-10-06 11:47:47"
68000000,separate,random,0,42,0.021700534,0,"","INOVAI-NB-8","CPU info","GCC 13.3.0","2025-10-06 11:47:47"
68000000,simultaneous,random,0,42,0.047182040,0,"","INOVAI-NB-8","CPU info","GCC 13.3.0","2025-10-06 11:47:47"
69000000,separate,random,0,42,0.020484564,0,"","INOVAI-NB-8","CPU info","GCC 13.3.0","2025-10-06 11:47:47"
69000000,simultaneous,random,0,42,0.053326330,0,"","INOVAI-NB-8","CPU info","GCC 13.3.0","2025-10-06 11:47:47"
70000000,separate,random,0,42,0.020983271,0,"","INOVAI-NB-8","CPU info","GCC 13.3.0","2025-10-06 11:47:47"
70000000,simultaneous,random,0,42,0.048976316,0,"","INOVAI-NB-8","CPU info","GCC 13.3.0","2025-10-06 11:47:47"
71000000,separate,random,0,42,0.021270509,0,"","INOVAI-NB-8","CPU info","GCC 13.3.0","2025-10-06 11:47:47"
71000000,simultaneous,random,0,42,0.047887056,0,"","INOVAI-NB-8","CPU info","GCC 13.3.0","2025-10-06 11:47:47"
72000000,separate,random,0,42,0.021587330,0,"","INOVAI-NB-8","CPU info","GCC 13.3.0","2025-10-06 11:47:47"
72000000,simultaneous,random,0,42,0.044680064,0,"","INOVAI-NB-8","CPU info","GCC 13.3.0","2025-10-06 11:47:47"
73000000,separate,random,0,42,0.023910424,0,"","INOVAI-NB-8","CPU info","GCC 13.3.0","2025-10-06 11:47:47"
73000000,simultaneous,random,0,42,0.048899268,0,"","INOVAI-NB-8","CPU info","GCC 13.3.0","2025-10-06 11:47:47"
74000000,separate,random,0,42,0.021881218,0,"","INOVAI-NB-8","CPU info","GCC 13.3.0","2025-10-06 11:47:47"
74000000,simultaneous,random,0,42,0.051220525,0,"","INOVAI-NB-8","CPU info","GCC 13.3.0","2025-10-06 11:47:47"
100000000,separate,random,0,42,0.037037407,0,"","INOVAI-NB-8","CPU info","GCC 13.3.0","2025-10-06 11:47:47"
100000000,simultaneous,random,0,42,0.065959410,0,"","INOVAI-NB-8","CPU info","GCC 13.3.0","2025-10-06 11:47:47"
1000,separate,sorted,0,42,0.000000448,0,"","INOVAI-NB-8","CPU info","GCC 13.3.0","2025-10-06 11:47:47"
1000,simultaneous,sorted,0,42,0.000000481,0,"","INOVAI-NB-8","CPU info","GCC 13.3.0","2025-10-06 11:47:47"
2000,separate,sorted,0,42,0.000000186,0,"","INOVAI-NB-8","CPU info","GCC 13.3.0","2025-10-06 11:47:47"
2000,simultaneous,sorted,0,42,0.000000892,0,"","INOVAI-NB-8","CPU info","GCC 13.3.0","2025-10-06 11:47:47"
3000,separate,sorted,0,42,0.000000262,0,"","INOVAI-NB-8","CPU info","GCC 13.3.0","2025-10-06 11:47:47"
3000,simultaneous,sorted,0,42,0.000001317,0,"","INOVAI-NB-8","CPU info","GCC 13.3.0","2025-10-06 11:47:47"
4000,separate,sorted,0,42,0.000000327,0,"","INOVAI-NB-8","CPU info","GCC 13.3.0","2025-10-06 11:47:47"
4000,simultaneous,sorted,0,42,0.000001745,0,"","INOVAI-NB-8","CPU info","GCC 13.3.0","2025-10-06 11:47:47"
5000,separate,sorted,0,42,0.000000398,0,"","INOVAI-NB-8","CPU info","GCC 13.3.0","2025-10-06 11:47:47"
5000,simultaneous,sorted,0,42,0.000002171,0,"","INOVAI-NB-8","CPU info","GCC 13.3.0","2025-10-06 11:47:47"
6000,separate,sorted,0,42,0.000000474,0,"","INOVAI-NB-8","CPU info","GCC 13.3.0","2025-10-06 11:47:47"
6000,simultaneous,sorted,0,42,0.000002598,0,"","INOVAI-NB-8","CPU info","GCC 13.3.0","2025-10-06 11:47:47"
7000,separate,sorted,0,42,0.000000545,0,"","INOVAI-NB-8","CPU info","GCC 13.3.0","2025-10-06 11:47:47"
7000,simultaneous,sorted,0,42,0.000003032,0,"","INOVAI-NB-8","CPU info","GCC 13.3.0","2025-10-06 11:47:47"
8000,separate,sorted,0,42,0.000000624,0,"","INOVAI-NB-8","CPU info","GCC 13.3.0","2025-10-06 11:47:47"
8000,simultaneous,sorted,0,42,0.000003468,0,"","INOVAI-NB-8","CPU info","GCC 13.3.0","2025-10-06 11:47:47"
9000,separate,sorted,0,42,0.000000685,0,"","INOVAI-NB-8","CPU info","GCC 13.3.0","2025-10-06 11:47:47"
9000,simultaneous,sorted,0,42,0.000003900,0,"","INOVAI-NB-8","CPU info","GCC 13.3.0","2025-10-06 11:47:47"
10000,separate,sorted,0,42,0.000000768,0,"","INOVAI-NB-8","CPU info","GCC 13.3.0","2025-10-06 11:47:47"
10000,simultaneous,sorted,0,42,0.000004323,0,"","INOVAI-NB-8","CPU info","GCC 13.3.0","2025-10-06 11:47:47"
20000,separate,sorted,0,42,0.000002249,0,"","INOVAI-NB-8","CPU info","GCC 13.3.0","2025-10-06 11:47:47"
20000,simultaneous,sorted,0,42,0.000008628,0,"","INOVAI-NB-8","CPU info","GCC 13.3.0","2025-10-06 11:47:47"
30000,separate,sorted,0,42,0.000003289,0,"","INOVAI-NB-8","CPU info","GCC 13.3.0","2025-10-06 11:47:47"
30000,simultaneous,sorted,0,42,0.000012949,0,"","INOVAI-NB-8","CPU info","GCC 13.3.0","2025-10-06 11:47:47"
40000,separate,sorted,0,42,0.000004301,0,"","INOVAI-NB-8","CPU info","GCC 13.3.0","2025-10-06 11:47:47"
40000,simultaneous,sorted,0,42,0.000017958,0,"","INOVAI-NB-8","CPU info","GCC 13.3.0","2025-10-06 11:47:47"
50000,separate,sorted,0,42,0.000005348,0,"","INOVAI-NB-8","CPU info","GCC 13.3.0","2025-10-06 11:47:47"
50000,simultaneous,sorted,0,42,0.000021541,0,"","INOVAI-NB-8","CPU info","GCC 13.3.0","2025-10-06 11:47:47"
60000,separate,sorted,0,42,0.000006307,0,"","INOVAI-NB-8","CPU info","GCC 13.3.0","2025-10-06 11:47:47"
60000,simultaneous,sorted,0,42,0.000025846,0,"","INOVAI-NB-8","CPU info","GCC 13.3.0","2025-10-06 11:47:47"
70000,separate,sorted,0,42,0.000008644,0,"","INOVAI-NB-8","CPU info","GCC 13.3.0","2025-10-06 11:47:47"
70000,simultaneous,sorted,0,42,0.000047929,0,"","INOVAI-NB-8","CPU info","GCC 13.3.0","2025-10-06 11:47:47"
80000,separate,sorted,0,42,0.000005492,0,"","INOVAI-NB-8","CPU info","GCC 13.3.0","2025-10-06 11:47:47"
80000,simultaneous,sorted,0,42,0.000022270,0,"","INOVAI-NB-8","CPU info","GCC 13.3.0","2025-10-06 11:47:47"
90000,separate,sorted,0,42,0.000015387,0,"","INOVAI-NB-8","CPU info","GCC 13.3.0","2025-10-06 11:47:47"
90000,simultaneous,sorted,0,42,0.000060146,0,"","INOVAI-NB-8","CPU info","GCC 13.3.0","2025-10-06 11:47:47"
100000,separate,sorted,0,42,0.000010126,0,"","INOVAI-NB-8","CPU info","GCC 13.3.0","2025-10-06 11:47:47"
100000,simultaneous,sorted,0,42,0.000041749,0,"","INOVAI-NB-8","CPU info","GCC 13.3.0","2025-10-06 11:47:47"
200000,separate,sorted,0,42,0.000020183,0,"","INOVAI-NB-8","CPU info","GCC 13.3.0","2025-10-06 11:47:47"
200000,simultaneous,sorted,0,42,0.000088139,0,"","INOVAI-NB-8","CPU info","GCC 13.3.0","2025-10-06 11:47:47"
300000,separate,sorted,0,42,0.000030595,0,"","INOVAI-NB-8","CPU info","GCC 13.3.0","2025-10-06 11:47:47"
300000,simultaneous,sorted,0,42,0.000136315,0,"","INOVAI-NB-8","CPU info","GCC 13.3.0","2025-10-06 11:47:47"
400000,separate,sorted,0,42,0.000048210,0,"","INOVAI-NB-8","CPU info","GCC 13.3.0","2025-10-06 11:47:47"
400000,simultaneous,sorted,0,42,0.000164625,0,"","INOVAI-NB-8","CPU info","GCC 13.3.0","2025-10-06 11:47:47"
500000,separate,sorted,0,42,0.000089157,0,"","INOVAI-NB-8","CPU info","GCC 13.3.0","2025-10-06 11:47:47"
500000,simultaneous,sorted,0,42,0.000250473,0,"","INOVAI-NB-8","CPU info","GCC 13.3.0","2025-10-06 11:47:47"
600000,separate,sorted,0,42,0.000120957,0,"","INOVAI-NB-8","CPU info","GCC 13.3.0","2025-10-06 11:47:47"
600000,simultaneous,sorted,0,42,0.000290910,0,"","INOVAI-NB-8","CPU info","GCC 13.3.0","2025-10-06 11:47:47"
700000,separate,sorted,0,42,0.000145619,0,"","INOVAI-NB-8","CPU info","GCC 13.3.0","2025-10-06 11:47:47"
700000,simultaneous,sorted,0,42,0.000287003,0,"","INOVAI-NB-8","CPU info","GCC 13.3.0","2025-10-06 11:47:47"
800000,separate,sorted,0,42,0.000163547,0,"","INOVAI-NB-8","CPU info","GCC 13.3.0","2025-10-06 11:47:47"
800000,simultaneous,sorted,0,42,0.000321904,0,"","INOVAI-NB-8","CPU info","GCC 13.3.0","2025-10-06 11:47:47"
900000,separate,sorted,0,42,0.000141432,0,"","INOVAI-NB-8","CPU info","GCC 13.3.0","2025-10-06 11:47:47"
900000,simultaneous,sorted,0,42,0.000336078,0,"","INOVAI-NB-8","CPU info","GCC 13.3.0","2025-10-06 11:47:47"
1000000,separate,sorted,0,42,0.000182567,0,"","INOVAI-NB-8","CPU info","GCC 13.3.0","2025-10-06 11:47:47"
1000000,simultaneous,sorted,0,42,0.000365313,0,"","INOVAI-NB-8","CPU info","GCC 13.3.0","2025-10-06 11:47:47"
2000000,separate,sorted,0,42,0.000377795,0,"","INOVAI-NB-8","CPU info","GCC 13.3.0","2025-10-06 11:47:47"
2000000,simultaneous,sorted,0,42,0.000842080,0,"","INOVAI-NB-8","CPU info","GCC 13.3.0","2025-10-06 11:47:47"
3000000,separate,sorted,0,42,0.000585661,0,"","INOVAI-NB-8","CPU info","GCC 13.3.0","2025-10-06 11:47:47"
3000000,simultaneous,sorted,0,42,0.001106894,0,"","INOVAI-NB-8","CPU info","GCC 13.3.0","2025-10-06 11:47:47"
4000000,separate,sorted,0,42,0.001130102,0,"","INOVAI-NB-8","CPU info","GCC 13.3.0","2025-10-06 11:47:47"
4000000,simultaneous,sorted,0,42,0.002046624,0,"","INOVAI-NB-8","CPU info","GCC 13.3.0","2025-10-06 11:47:47"
5000000,separate,sorted,0,42,0.001581933,0,"","INOVAI-NB-8","CPU info","GCC 13.3.0","2025-10-06 11:47:47"
5000000,simultaneous,sorted,0,42,0.002937090,0,"","INOVAI-NB-8","CPU info","GCC 13.3.0","2025-10-06 11:47:47"
6000000,separate,sorted,0,42,0.002663435,0,"","INOVAI-NB-8","CPU info","GCC 13.3.0","2025-10-06 11:47:47"
6000000,simultaneous,sorted,0,42,0.003751367,0,"","INOVAI-NB-8","CPU info","GCC 13.3.0","2025-10-06 11:47:47"
7000000,separate,sorted,0,42,0.002318038,0,"","INOVAI-NB-8","CPU info","GCC 13.3.0","2025-10-06 11:47:47"
7000000,simultaneous,sorted,0,42,0.005172800,0,"","INOVAI-NB-8","CPU info","GCC 13.3.0","2025-10-06 11:47:47"
8000000,separate,sorted,0,42,0.003253656,0,"","INOVAI-NB-8","CPU info","GCC 13.3.0","2025-10-06 11:47:47"
8000000,simultaneous,sorted,0,42,0.007174788,0,"","INOVAI-NB-8","CPU info","GCC 13.3.0","2025-10-06 11:47:47"
9000000,separate,sorted,0,42,0.004978548,0,"","INOVAI-NB-8","CPU info","GCC 13.3.0","2025-10-06 11:47:47"
9000000,simultaneous,sorted,0,42,0.007880201,0,"","INOVAI-NB-8","CPU info","GCC 13.3.0","2025-10-06 11:47:47"
10000000,separate,sorted,0,42,0.004216095,0,"","INOVAI-NB-8","CPU info","GCC 13.3.0","2025-10-06 11:47:47"
10000000,simultaneous,sorted,0,42,0.008582893,0,"","INOVAI-NB-8","CPU info","GCC 13.3.0","2025-10-06 11:47:47"
11000000,separate,sorted,0,42,0.009385888,0,"","INOVAI-NB-8","CPU info","GCC 13.3.0","2025-10-06 11:47:47"
11000000,simultaneous,sorted,0,42,0.007913552,0,"","INOVAI-NB-8","CPU info","GCC 13.3.0","2025-10-06 11:47:47"
12000000,separate,sorted,0,42,0.004195525,0,"","INOVAI-NB-8","CPU info","GCC 13.3.0","2025-10-06 11:47:47"
12000000,simultaneous,sorted,0,42,0.008542978,0,"","INOVAI-NB-8","CPU info","GCC 13.3.0","2025-10-06 11:47:47"
13000000,separate,sorted,0,42,0.003730784,0,"","INOVAI-NB-8","CPU info","GCC 13.3.0","2025-10-06 11:47:47"
13000000,simultaneous,sorted,0,42,0.008461369,0,"","INOVAI-NB-8","CPU info","GCC 13.3.0","2025-10-06 11:47:47"
14000000,separate,sorted,0,42,0.003936385,0,"","INOVAI-NB-8","CPU info","GCC 13.3.0","2025-10-06 11:47:47"
14000000,simultaneous,sorted,0,42,0.009726445,0,"","INOVAI-NB-8","CPU info","GCC 13.3.0","2025-10-06 11:47:47"
15000000,separate,sorted,0,42,0.004086311,0,"","INOVAI-NB-8","CPU info","GCC 13.3.0","2025-10-06 11:47:47"
15000000,simultaneous,sorted,0,42,0.010424036,0,"","INOVAI-NB-8","CPU info","GCC 13.3.0","2025-10-06 11:47:47"
16000000,separate,sorted,0,42,0.004655040,0,"","INOVAI-NB-8","CPU info","GCC 13.3.0","2025-10-06 11:47:47"
16000000,simultaneous,sorted,0,42,0.010577626,0,"","INOVAI-NB-8","CPU info","GCC 13.3.0","2025-10-06 11:47:47"
17000000,separate,sorted,0,42,0.005134571,0,"","INOVAI-NB-8","CPU info","GCC 13.3.0","2025-10-06 11:47:47"
17000000,simultaneous,sorted,0,42,0.011247531,0,"","INOVAI-NB-8","CPU info","GCC 13.3.0","2025-10-06 11:47:47"
18000000,separate,sorted,0,42,0.005077931,0,"","INOVAI-NB-8","CPU info","GCC 13.3.0","2025-10-06 11:47:47"
18000000,simultaneous,sorted,0,42,0.011687075,0,"","INOVAI-NB-8","CPU info","GCC 13.3.0","2025-10-06 11:47:47"
19000000,separate,sorted,0,42,0.005738098,0,"","INOVAI-NB-8","CPU info","GCC 13.3.0","2025-10-06 11:47:47"
19000000,simultaneous,sorted,0,42,0.013091360,0,"","INOVAI-NB-8","CPU info","GCC 13.3.0","2025-10-06 11:47:47"
20000000,separate,sorted,0,42,0.005655509,0,"","INOVAI-NB-8","CPU info","GCC 13.3.0","2025-10-06 11:47:47"
20000000,simultaneous,sorted,0,42,0.013647201,0,"","INOVAI-NB-8","CPU info","GCC 13.3.0","2025-10-06 11:47:47"
21000000,separate,sorted,0,42,0.006189492,0,"","INOVAI-NB-8","CPU info","GCC 13.3.0","2025-10-06 11:47:47"
21000000,simultaneous,sorted,0,42,0.015934487,0,"","INOVAI-NB-8","CPU info","GCC 13.3.0","2025-10-06 11:47:47"
22000000,separate,sorted,0,42,0.006383971,0,"","INOVAI-NB-8","CPU info","GCC 13.3.0","2025-10-06 11:47:47"
22000000,simultaneous,sorted,0,42,0.015510252,0,"","INOVAI-NB-8","CPU info","GCC 13.3.0","2025-10-06 11:47:47"
23000000,separate,sorted,0,42,0.006677862,0,"","INOVAI-NB-8","CPU info","GCC 13.3.0","2025-10-06 11:47:47"
23000000,simultaneous,sorted,0,42,0.015770251,0,"","INOVAI-NB-8","CPU info","GCC 13.3.0","2025-10-06 11:47:47"
24000000,separate,sorted,0,42,0.007601187,0,"","INOVAI-NB-8","CPU info","GCC 13.3.0","2025-10-06 11:47:47"
24000000,simultaneous,sorted,0,42,0.015477280,0,"","INOVAI-NB-8","CPU info","GCC 13.3.0","2025-10-06 11:47:47"
25000000,separate,sorted,0,42,0.007707840,0,"","INOVAI-NB-8","CPU info","GCC 13.3.0","2025-10-06 11:47:47"
25000000,simultaneous,sorted,0,42,0.016840312,0,"","INOVAI-NB-8","CPU info","GCC 13.3.0","2025-10-06 11:47:47"
26000000,separate,sorted,0,42,0.007621349,0,"","INOVAI-NB-8","CPU info","GCC 13.3.0","2025-10-06 11:47:47"
26000000,simultaneous,sorted,0,42,0.017500317,0,"","INOVAI-NB-8","CPU info","GCC 13.3.0","2025-10-06 11:47:47"
27000000,separate,sorted,0,42,0.008021920,0,"","INOVAI-NB-8","CPU info","GCC 13.3.0","2025-10-06 11:47:47"
27000000,simultaneous,sorted,0,42,0.018910467,0,"","INOVAI-NB-8","CPU info","GCC 13.3.0","2025-10-06 11:47:47"
28000000,separate,sorted,0,42,0.008712132,0,"","INOVAI-NB-8","CPU info","GCC 13.3.0","2025-10-06 11:47:47"
28000000,simultaneous,sorted,0,42,0.018948527,0,"","INOVAI-NB-8","CPU info","GCC 13.3.0","2025-10-06 11:47:47"
29000000,separate,sorted,0,42,0.008871915,0,"","INOVAI-NB-8","CPU info","GCC 13.3.0","2025-10-06 11:47:47"
29000000,simultaneous,sorted,0,42,0.019321355,0,"","INOVAI-NB-8","CPU info","GCC 13.3.0","2025-10-06 11:47:47"
30000000,separate,sorted,0,42,0.008617619,0,"","INOVAI-NB-8","CPU info","GCC 13.3.0","2025-10-06 11:47:47"
30000000,simultaneous,sorted,0,42,0.020874245,0,"","INOVAI-NB-8","CPU info","GCC 13.3.0","2025-10-06 11:47:47"
31000000,separate,sorted,0,42,0.011514646,0,"","INOVAI-NB-8","CPU info","GCC 13.3.0","2025-10-06 11:47:47"
31000000,simultaneous,sorted,0,42,0.022310665,0,"","INOVAI-NB-8","CPU info","GCC 13.3.0","2025-10-06 11:47:47"
32000000,separate,sorted,0,42,0.009612292,0,"","INOVAI-NB-8","CPU info","GCC 13.3.0","2025-10-06 11:47:47"
32000000,simultaneous,sorted,0,42,0.022668214,0,"","INOVAI-NB-8","CPU info","GCC 13.3.0","2025-10-06 11:47:47"
33000000,separate,sorted,0,42,0.009667492,0,"","INOVAI-NB-8","CPU info","GCC 13.3.0","2025-10-06 11:47:47"
33000000,simultaneous,sorted,0,42,0.021749222,0,"","INOVAI-NB-8","CPU info","GCC 13.3.0","2025-10-06 11:47:47"
34000000,separate,sorted,0,42,0.011984654,0,"","INOVAI-NB-8","CPU info","GCC 13.3.0","2025-10-06 11:47:47"
34000000,simultaneous,sorted,0,42,0.021247429,0,"","INOVAI-NB-8","CPU info","GCC 13.3.0","2025-10-06 11:47:47"
35000000,separate,sorted,0,42,0.010907863,0,"","INOVAI-NB-8","CPU info","GCC 13.3.0","2025-10-06 11:47:47"
35000000,simultaneous,sorted,0,42,0.023358578,0,"","INOVAI-NB-8","CPU info","GCC 13.3.0","2025-10-06 11:47:47"
36000000,separate,sorted,0,42,0.010791136,0,"","INOVAI-NB-8","CPU info","GCC 13.3.0","2025-10-06 11:47:47"
36000000,simultaneous,sorted,0,42,0.024391434,0,"","INOVAI-NB-8","CPU info","GCC 13.3.0","2025-10-06 11:47:47"
37000000,separate,sorted,0,42,0.010885411,0,"","INOVAI-NB-8","CPU info","GCC 13.3.0","2025-10-06 11:47:47"
37000000,simultaneous,sorted,0,42,0.024349596,0,"","INOVAI-NB-8","CPU info","GCC 13.3.0","2025-10-06 11:47:47"
38000000,separate,sorted,0,42,0.011239557,0,"","INOVAI-NB-8","CPU info","GCC 13.3.0","2025-10-06 11:47:47"
38000000,simultaneous,sorted,0,42,0.026268386,0,"","INOVAI-NB-8","CPU info","GCC 13.3.0","2025-10-06 11:47:47"
39000000,separate,sorted,0,42,0.011297556,0,"","INOVAI-NB-8","CPU info","GCC 13.3.0","2025-10-06 11:47:47"
39000000,simultaneous,sorted,0,42,0.027301766,0,"","INOVAI-NB-8","CPU info","GCC 13.3.0","2025-10-06 11:47:47"
40000000,separate,sorted,0,42,0.011797581,0,"","INOVAI-NB-8","CPU info","GCC 13.3.0","2025-10-06 11:47:47"
40000000,simultaneous,sorted,0,42,0.027255015,0,"","INOVAI-NB-8","CPU info","GCC 13.3.0","2025-10-06 11:47:47"
41000000,separate,sorted,0,42,0.011936129,0,"","INOVAI-NB-8","CPU info","GCC 13.3.0","2025-10-06 11:47:47"
41000000,simultaneous,sorted,0,42,0.028068323,0,"","INOVAI-NB-8","CPU info","GCC 13.3.0","2025-10-06 11:47:47"
42000000,separate,sorted,0,42,0.012197401,0,"","INOVAI-NB-8","CPU info","GCC 13.3.0","2025-10-06 11:47:47"
42000000,simultaneous,sorted,0,42,0.030490873,0,"","INOVAI-NB-8","CPU info","GCC 13.3.0","2025-10-06 11:47:47"
43000000,separate,sorted,0,42,0.012678185,0,"","INOVAI-NB-8","CPU info","GCC 13.3.0","2025-10-06 11:47:47"
43000000,simultaneous,sorted,0,42,0.028795320,0,"","INOVAI-NB-8","CPU info","GCC 13.3.0","2025-10-06 11:47:47"
44000000,separate,sorted,0,42,0.013406584,0,"","INOVAI-NB-8","CPU info","GCC 13.3.0","2025-10-06 11:47:47"
44000000,simultaneous,sorted,0,42,0.032834038,0,"","INOVAI-NB-8","CPU info","GCC 13.3.0","2025-10-06 11:47:47"
45000000,separate,sorted,0,42,0.013026024,0,"","INOVAI-NB-8","CPU info","GCC 13.3.0","2025-10-06 11:47:47"
45000000,simultaneous,sorted,0,42,0.029736752,0,"","INOVAI-NB-8","CPU info","GCC 13.3.0","2025-10-06 11:47:47"
46000000,separate,sorted,0,42,0.013506350,0,"","INOVAI-NB-8","CPU info","GCC 13.3.0","2025-10-06 11:47:47"
46000000,simultaneous,sorted,0,42,0.031000928,0,"","INOVAI-NB-8","CPU info","GCC 13.3.0","2025-10-06 11:47:47"
47000000,separate,sorted,0,42,0.014829664,0,"","INOVAI-NB-8","CPU info","GCC 13.3.0","2025-10-06 11:47:47"
47000000,simultaneous,sorted,0,42,0.032327502,0,"","INOVAI-NB-8","CPU info","GCC 13.3.0","2025-10-06 11:47:47"
48000000,separate,sorted,0,42,0.015028240,0,"","INOVAI-NB-8","CPU info","GCC 13.3.0","2025-10-06 11:47:47"
48000000,simultaneous,sorted,0,42,0.032257150,0,"","INOVAI-NB-8","CPU info","GCC 13.3.0","2025-10-06 11:47:47"
49000000,separate,sorted,0,42,0.014215017,0,"","INOVAI-NB-8","CPU info","GCC 13.3.0","2025-10-06 11:47:47"
49000000,simultaneous,sorted,0,42,0.034742054,0,"","INOVAI-NB-8","CPU info","GCC 13.3.0","2025-10-06 11:47:47"
50000000,separate,sorted,0,42,0.014416861,0,"","INOVAI-NB-8","CPU info","GCC 13.3.0","2025-10-06 11:47:47"
50000000,simultaneous,sorted,0,42,0.033323971,0,"","INOVAI-NB-8","CPU info","GCC 13.3.0","2025-10-06 11:47:47"
51000000,separate,sorted,0,42,0.015184030,0,"","INOVAI-NB-8","CPU info","GCC 13.3.0","2025-10-06 11:47:47"
51000000,simultaneous,sorted,0,42,0.035302405,0,"","INOVAI-NB-8","CPU info","GCC 13.3.0","2025-10-06 11:47:47"
52000000,separate,sorted,0,42,0.014988406,0,"","INOVAI-NB-8","CPU info","GCC 13.3.0","2025-10-06 11:47:47"
52000000,simultaneous,sorted,0,42,0.034969334,0,"","INOVAI-NB-8","CPU info","GCC 13.3.0","2025-10-06 11:47:47"
53000000,separate,sorted,0,42,0.016498223,0,"","INOVAI-NB-8","CPU info","GCC 13.3.0","2025-10-06 11:47:47"
53000000,simultaneous,sorted,0,42,0.036483754,0,"","INOVAI-NB-8","CPU info","GCC 13.3.0","2025-10-06 11:47:47"
54000000,separate,sorted,0,42,0.015515155,0,"","INOVAI-NB-8","CPU info","GCC 13.3.0","2025-10-06 11:47:47"
54000000,simultaneous,sorted,0,42,0.037008215,0,"","INOVAI-NB-8","CPU info","GCC 13.3.0","2025-10-06 11:47:47"
55000000,separate,sorted,0,42,0.016002973,0,"","INOVAI-NB-8","CPU info","GCC 13.3.0","2025-10-06 11:47:47"
55000000,simultaneous,sorted,0,42,0.036927317,0,"","INOVAI-NB-8","CPU info","GCC 13.3.0","2025-10-06 11:47:47"
56000000,separate,sorted,0,42,0.016322655,0,"","INOVAI-NB-8","CPU info","GCC 13.3.0","2025-10-06 11:47:47"
56000000,simultaneous,sorted,0,42,0.041674060,0,"","INOVAI-NB-8","CPU info","GCC 13.3.0","2025-10-06 11:47:47"
57000000,separate,sorted,0,42,0.016645826,0,"","INOVAI-NB-8","CPU info","GCC 13.3.0","2025-10-06 11:47:47"
57000000,simultaneous,sorted,0,42,0.039227614,0,"","INOVAI-NB-8","CPU info","GCC 13.3.0","2025-10-06 11:47:47"
58000000,separate,sorted,0,42,0.016560307,0,"","INOVAI-NB-8","CPU info","GCC 13.3.0","2025-10-06 11:47:47"
58000000,simultaneous,sorted,0,42,0.038749438,0,"","INOVAI-NB-8","CPU info","GCC 13.3.0","2025-10-06 11:47:47"
59000000,separate,sorted,0,42,0.016814195,0,"","INOVAI-NB-8","CPU info","GCC 13.3.0","2025-10-06 11:47:47"
59000000,simultaneous,sorted,0,42,0.040316645,0,"","INOVAI-NB-8","CPU info","GCC 13.3.0","2025-10-06 11:47:47"
60000000,separate,sorted,0,42,0.017326324,0,"","INOVAI-NB-8","CPU info","GCC 13.3.0","2025-10-06 11:47:47"
60000000,simultaneous,sorted,0,42,0.040237516,0,"","INOVAI-NB-8","CPU info","GCC 13.3.0","2025-10-06 11:47:47"
61000000,separate,sorted,0,42,0.017737838,0,"","INOVAI-NB-8","CPU info","GCC 13.3.0","2025-10-06 11:47:47"
61000000,simultaneous,sorted,0,42,0.041933652,0,"","INOVAI-NB-8","CPU info","GCC 13.3.0","2025-10-06 11:47:47"
62000000,separate,sorted,0,42,0.018005251,0,"","INOVAI-NB-8","CPU info","GCC 13.3.0","2025-10-06 11:47:47"
62000000,simultaneous,sorted,0,42,0.041709376,0,"","INOVAI-NB-8","CPU info","GCC 13.3.0","2025-10-06 11:47:47"
63000000,separate,sorted,0,42,0.019099701,0,"","INOVAI-NB-8","CPU info","GCC 13.3.0","2025-10-06 11:47:47"
63000000,simultaneous,sorted,0,42,0.041488933,0,"","INOVAI-NB-8","CPU info","GCC 13.3.0","2025-10-06 11:47:47"
64000000,separate,sorted,0,42,0.018192213,0,"","INOVAI-NB-8","CPU info","GCC 13.3.0","2025-10-06 11:47:47"
64000000,simultaneous,sorted,0,42,0.046510074,0,"","INOVAI-NB-8","CPU info","GCC 13.3.0","2025-10-06 11:47:47"
65000000,separate,sorted,0,42,0.018421014,0,"","INOVAI-NB-8","CPU info","GCC 13.3.0","2025-10-06 11:47:47"
65000000,simultaneous,sorted,0,42,0.046700609,0,"","INOVAI-NB-8","CPU info","GCC 13.3.0","2025-10-06 11:47:47"
66000000,separate,sorted,0,42,0.019120107,0,"","INOVAI-NB-8","CPU info","GCC 13.3.0","2025-10-06 11:47:47"
66000000,simultaneous,sorted,0,42,0.050135679,0,"","INOVAI-NB-8","CPU info","GCC 13.3.0","2025-10-06 11:47:47"
67000000,separate,sorted,0,42,0.019467157,0,"","INOVAI-NB-8","CPU info","GCC 13.3.0","2025-10-06 11:47:47"
67000000,simultaneous,sorted,0,42,0.044907343,0,"","INOVAI-NB-8","CPU info","GCC 13.3.0","2025-10-06 11:47:47"
68000000,separate,sorted,0,42,0.019311503,0,"","INOVAI-NB-8","CPU info","GCC 13.3.0","2025-10-06 11:47:47"
68000000,simultaneous,sorted,0,42,0.045800207,0,"","INOVAI-NB-8","CPU info","GCC 13.3.0","2025-10-06 11:47:47"
69000000,separate,sorted,0,42,0.019804605,0,"","INOVAI-NB-8","CPU info","GCC 13.3.0","2025-10-06 11:47:47"
69000000,simultaneous,sorted,0,42,0.047414176,0,"","INOVAI-NB-8","CPU info","GCC 13.3.0","2025-10-06 11:47:47"
70000000,separate,sorted,0,42,0.021948107,0,"","INOVAI-NB-8","CPU info","GCC 13.3.0","2025-10-06 11:47:47"
70000000,simultaneous,sorted,0,42,0.047936389,0,"","INOVAI-NB-8","CPU info","GCC 13.3.0","2025-10-06 11:47:47"
71000000,separate,sorted,0,42,0.022466355,0,"","INOVAI-NB-8","CPU info","GCC 13.3.0","2025-10-06 11:47:47"
71000000,simultaneous,sorted,0,42,0.046663551,0,"","INOVAI-NB-8","CPU info","GCC 13.3.0","2025-10-06 11:47:47"
72000000,separate,sorted,0,42,0.025552067,0,"","INOVAI-NB-8","CPU info","GCC 13.3.0","2025-10-06 11:47:47"
72000000,simultaneous,sorted,0,42,0.049830801,0,"","INOVAI-NB-8","CPU info","GCC 13.3.0","2025-10-06 11:47:47"
73000000,separate,sorted,0,42,0.022051865,0,"","INOVAI-NB-8","CPU info","GCC 13.3.0","2025-10-06 11:47:47"
73000000,simultaneous,sorted,0,42,0.054424826,0,"","INOVAI-NB-8","CPU info","GCC 13.3.0","2025-10-06 11:47:47"
74000000,separate,sorted,0,42,0.023687684,0,"","INOVAI-NB-8","CPU info","GCC 13.3.0","2025-10-06 11:47:47"
74000000,simultaneous,sorted,0,42,0.053068142,0,"","INOVAI-NB-8","CPU info","GCC 13.3.0","2025-10-06 11:47:47"
100000000,separate,sorted,0,42,0.028369474,0,"","INOVAI-NB-8","CPU info","GCC 13.3.0","2025-10-06 11:47:47"
100000000,simultaneous,sorted,0,42,0.072505499,0,"","INOVAI-NB-8","CPU info","GCC 13.3.0","2025-10-06 11:47:47"
1000,separate,reverse,0,42,0.000000621,0,"","INOVAI-NB-8","CPU info","GCC 13.3.0","2025-10-06 11:47:47"
1000,simultaneous,reverse,0,42,0.000000443,0,"","INOVAI-NB-8","CPU info","GCC 13.3.0","2025-10-06 11:47:47"
2000,separate,reverse,0,42,0.000000170,0,"","INOVAI-NB-8","CPU info","GCC 13.3.0","2025-10-06 11:47:47"
2000,simultaneous,reverse,0,42,0.000000813,0,"","INOVAI-NB-8","CPU info","GCC 13.3.0","2025-10-06 11:47:47"
3000,separate,reverse,0,42,0.000000231,0,"","INOVAI-NB-8","CPU info","GCC 13.3.0","2025-10-06 11:47:47"
3000,simultaneous,reverse,0,42,0.000001190,0,"","INOVAI-NB-8","CPU info","GCC 13.3.0","2025-10-06 11:47:47"
4000,separate,reverse,0,42,0.000000296,0,"","INOVAI-NB-8","CPU info","GCC 13.3.0","2025-10-06 11:47:47"
4000,simultaneous,reverse,0,42,0.000001578,0,"","INOVAI-NB-8","CPU info","GCC 13.3.0","2025-10-06 11:47:47"
5000,separate,reverse,0,42,0.000000364,0,"","INOVAI-NB-8","CPU info","GCC 13.3.0","2025-10-06 11:47:47"
5000,simultaneous,reverse,0,42,0.000001965,0,"","INOVAI-NB-8","CPU info","GCC 13.3.0","2025-10-06 11:47:47"
6000,separate,reverse,0,42,0.000000428,0,"","INOVAI-NB-8","CPU info","GCC 13.3.0","2025-10-06 11:47:47"
6000,simultaneous,reverse,0,42,0.000002351,0,"","INOVAI-NB-8","CPU info","GCC 13.3.0","2025-10-06 11:47:47"
7000,separate,reverse,0,42,0.000000491,0,"","INOVAI-NB-8","CPU info","GCC 13.3.0","2025-10-06 11:47:47"
7000,simultaneous,reverse,0,42,0.000002743,0,"","INOVAI-NB-8","CPU info","GCC 13.3.0","2025-10-06 11:47:47"
8000,separate,reverse,0,42,0.000000556,0,"","INOVAI-NB-8","CPU info","GCC 13.3.0","2025-10-06 11:47:47"
8000,simultaneous,reverse,0,42,0.000003135,0,"","INOVAI-NB-8","CPU info","GCC 13.3.0","2025-10-06 11:47:47"
9000,separate,reverse,0,42,0.000000627,0,"","INOVAI-NB-8","CPU info","GCC 13.3.0","2025-10-06 11:47:47"
9000,simultaneous,reverse,0,42,0.000003529,0,"","INOVAI-NB-8","CPU info","GCC 13.3.0","2025-10-06 11:47:47"
10000,separate,reverse,0,42,0.000000689,0,"","INOVAI-NB-8","CPU info","GCC 13.3.0","2025-10-06 11:47:47"
10000,simultaneous,reverse,0,42,0.000003911,0,"","INOVAI-NB-8","CPU info","GCC 13.3.0","2025-10-06 11:47:47"
20000,separate,reverse,0,42,0.000002047,0,"","INOVAI-NB-8","CPU info","GCC 13.3.0","2025-10-06 11:47:47"
20000,simultaneous,reverse,0,42,0.000007800,0,"","INOVAI-NB-8","CPU info","GCC 13.3.0","2025-10-06 11:47:47"
30000,separate,reverse,0,42,0.000002959,0,"","INOVAI-NB-8","CPU info","GCC 13.3.0","2025-10-06 11:47:47"
30000,simultaneous,reverse,0,42,0.000011693,0,"","INOVAI-NB-8","CPU info","GCC 13.3.0","2025-10-06 11:47:47"
40000,separate,reverse,0,42,0.000003868,0,"","INOVAI-NB-8","CPU info","GCC 13.3.0","2025-10-06 11:47:47"
40000,simultaneous,reverse,0,42,0.000015598,0,"","INOVAI-NB-8","CPU info","GCC 13.3.0","2025-10-06 11:47:47"
50000,separate,reverse,0,42,0.000004818,0,"","INOVAI-NB-8","CPU info","GCC 13.3.0","2025-10-06 11:47:47"
50000,simultaneous,reverse,0,42,0.000022204,0,"","INOVAI-NB-8","CPU info","GCC 13.3.0","2025-10-06 11:47:47"
60000,separate,reverse,0,42,0.000005714,0,"","INOVAI-NB-8","CPU info","GCC 13.3.0","2025-10-06 11:47:47"
60000,simultaneous,reverse,0,42,0.000023398,0,"","INOVAI-NB-8","CPU info","GCC 13.3.0","2025-10-06 11:47:47"
70000,separate,reverse,0,42,0.000006586,0,"","INOVAI-NB-8","CPU info","GCC 13.3.0","2025-10-06 11:47:47"
70000,simultaneous,reverse,0,42,0.000038050,0,"","INOVAI-NB-8","CPU info","GCC 13.3.0","2025-10-06 11:47:47"
80000,separate,reverse,0,42,0.000007573,0,"","INOVAI-NB-8","CPU info","GCC 13.3.0","2025-10-06 11:47:47"
80000,simultaneous,reverse,0,42,0.000031159,0,"","INOVAI-NB-8","CPU info","GCC 13.3.0","2025-10-06 11:47:47"
90000,separate,reverse,0,42,0.000008434,0,"","INOVAI-NB-8","CPU info","GCC 13.3.0","2025-10-06 11:47:47"
90000,simultaneous,reverse,0,42,0.000035056,0,"","INOVAI-NB-8","CPU info","GCC 13.3.0","2025-10-06 11:47:47"
100000,separate,reverse,0,42,0.000009326,0,"","INOVAI-NB-8","CPU info","GCC 13.3.0","2025-10-06 11:47:47"
100000,simultaneous,reverse,0,42,0.000038968,0,"","INOVAI-NB-8","CPU info","GCC 13.3.0","2025-10-06 11:47:47"
200000,separate,reverse,0,42,0.000018476,0,"","INOVAI-NB-8","CPU info","GCC 13.3.0","2025-10-06 11:47:47"
200000,simultaneous,reverse,0,42,0.000077838,0,"","INOVAI-NB-8","CPU info","GCC 13.3.0","2025-10-06 11:47:47"
300000,separate,reverse,0,42,0.000032999,0,"","INOVAI-NB-8","CPU info","GCC 13.3.0","2025-10-06 11:47:47"
300000,simultaneous,reverse,0,42,0.000130307,0,"","INOVAI-NB-8","CPU info","GCC 13.3.0","2025-10-06 11:47:47"
400000,separate,reverse,0,42,0.000073532,0,"","INOVAI-NB-8","CPU info","GCC 13.3.0","2025-10-06 11:47:47"
400000,simultaneous,reverse,0,42,0.000183628,0,"","INOVAI-NB-8","CPU info","GCC 13.3.0","2025-10-06 11:47:47"
500000,separate,reverse,0,42,0.000053691,0,"","INOVAI-NB-8","CPU info","GCC 13.3.0","2025-10-06 11:47:47"
500000,simultaneous,reverse,0,42,0.000191214,0,"","INOVAI-NB-8","CPU info","GCC 13.3.0","2025-10-06 11:47:47"
600000,separate,reverse,0,42,0.000070076,0,"","INOVAI-NB-8","CPU info","GCC 13.3.0","2025-10-06 11:47:47"
600000,simultaneous,reverse,0,42,0.000221176,0,"","INOVAI-NB-8","CPU info","GCC 13.3.0","2025-10-06 11:47:47"
700000,separate,reverse,0,42,0.000093247,0,"","INOVAI-NB-8","CPU info","GCC 13.3.0","2025-10-06 11:47:47"
700000,simultaneous,reverse,0,42,0.000259857,0,"","INOVAI-NB-8","CPU info","GCC 13.3.0","2025-10-06 11:47:47"
800000,separate,reverse,0,42,0.000106675,0,"","INOVAI-NB-8","CPU info","GCC 13.3.0","2025-10-06 11:47:47"
800000,simultaneous,reverse,0,42,0.000296057,0,"","INOVAI-NB-8","CPU info","GCC 13.3.0","2025-10-06 11:47:47"
900000,separate,reverse,0,42,0.000121651,0,"","INOVAI-NB-8","CPU info","GCC 13.3.0","2025-10-06 11:47:47"
900000,simultaneous,reverse,0,42,0.000339623,0,"","INOVAI-NB-8","CPU info","GCC 13.3.0","2025-10-06 11:47:47"
1000000,separate,reverse,0,42,0.000159333,0,"","INOVAI-NB-8","CPU info","GCC 13.3.0","2025-10-06 11:47:47"
1000000,simultaneous,reverse,0,42,0.000354701,0,"","INOVAI-NB-8","CPU info","GCC 13.3.0","2025-10-06 11:47:47"
2000000,separate,reverse,0,42,0.000317445,0,"","INOVAI-NB-8","CPU info","GCC 13.3.0","2025-10-06 11:47:47"
2000000,simultaneous,reverse,0,42,0.000675376,0,"","INOVAI-NB-8","CPU info","GCC 13.3.0","2025-10-06 11:47:47"
3000000,separate,reverse,0,42,0.000438981,0,"","INOVAI-NB-8","CPU info","GCC 13.3.0","2025-10-06 11:47:47"
3000000,simultaneous,reverse,0,42,0.001090944,0,"","INOVAI-NB-8","CPU info","GCC 13.3.0","2025-10-06 11:47:47"
4000000,separate,reverse,0,42,0.000672783,0,"","INOVAI-NB-8","CPU info","GCC 13.3.0","2025-10-06 11:47:47"
4000000,simultaneous,reverse,0,42,0.001605024,0,"","INOVAI-NB-8","CPU info","GCC 13.3.0","2025-10-06 11:47:47"
5000000,separate,reverse,0,42,0.001215603,0,"","INOVAI-NB-8","CPU info","GCC 13.3.0","2025-10-06 11:47:47"
5000000,simultaneous,reverse,0,42,0.002394924,0,"","INOVAI-NB-8","CPU info","GCC 13.3.0","2025-10-06 11:47:47"
6000000,separate,reverse,0,42,0.001644606,0,"","INOVAI-NB-8","CPU info","GCC 13.3.0","2025-10-06 11:47:47"
6000000,simultaneous,reverse,0,42,0.003557941,0,"","INOVAI-NB-8","CPU info","GCC 13.3.0","2025-10-06 11:47:47"
7000000,separate,reverse,0,42,0.003318308,0,"","INOVAI-NB-8","CPU info","GCC 13.3.0","2025-10-06 11:47:47"
7000000,simultaneous,reverse,0,42,0.005307249,0,"","INOVAI-NB-8","CPU info","GCC 13.3.0","2025-10-06 11:47:47"
8000000,separate,reverse,0,42,0.003164788,0,"","INOVAI-NB-8","CPU info","GCC 13.3.0","2025-10-06 11:47:47"
8000000,simultaneous,reverse,0,42,0.005754518,0,"","INOVAI-NB-8","CPU info","GCC 13.3.0","2025-10-06 11:47:47"
9000000,separate,reverse,0,42,0.003065236,0,"","INOVAI-NB-8","CPU info","GCC 13.3.0","2025-10-06 11:47:47"
9000000,simultaneous,reverse,0,42,0.005502896,0,"","INOVAI-NB-8","CPU info","GCC 13.3.0","2025-10-06 11:47:47"
10000000,separate,reverse,0,42,0.002613366,0,"","INOVAI-NB-8","CPU info","GCC 13.3.0","2025-10-06 11:47:47"
10000000,simultaneous,reverse,0,42,0.006745068,0,"","INOVAI-NB-8","CPU info","GCC 13.3.0","2025-10-06 11:47:47"
11000000,separate,reverse,0,42,0.003016148,0,"","INOVAI-NB-8","CPU info","GCC 13.3.0","2025-10-06 11:47:47"
11000000,simultaneous,reverse,0,42,0.007215815,0,"","INOVAI-NB-8","CPU info","GCC 13.3.0","2025-10-06 11:47:47"
12000000,separate,reverse,0,42,0.003350124,0,"","INOVAI-NB-8","CPU info","GCC 13.3.0","2025-10-06 11:47:47"
12000000,simultaneous,reverse,0,42,0.008124395,0,"","INOVAI-NB-8","CPU info","GCC 13.3.0","2025-10-06 11:47:47"
13000000,separate,reverse,0,42,0.003591113,0,"","INOVAI-NB-8","CPU info","GCC 13.3.0","2025-10-06 11:47:47"
13000000,simultaneous,reverse,0,42,0.009874602,0,"","INOVAI-NB-8","CPU info","GCC 13.3.0","2025-10-06 11:47:47"
14000000,separate,reverse,0,42,0.003854519,0,"","INOVAI-NB-8","CPU info","GCC 13.3.0","2025-10-06 11:47:47"
14000000,simultaneous,reverse,0,42,0.009531770,0,"","INOVAI-NB-8","CPU info","GCC 13.3.0","2025-10-06 11:47:47"
15000000,separate,reverse,0,42,0.004151307,0,"","INOVAI-NB-8","CPU info","GCC 13.3.0","2025-10-06 11:47:47"
15000000,simultaneous,reverse,0,42,0.010248730,0,"","INOVAI-NB-8","CPU info","GCC 13.3.0","2025-10-06 11:47:47"
16000000,separate,reverse,0,42,0.005635125,0,"","INOVAI-NB-8","CPU info","GCC 13.3.0","2025-10-06 11:47:47"
16000000,simultaneous,reverse,0,42,0.010233321,0,"","INOVAI-NB-8","CPU info","GCC 13.3.0","2025-10-06 11:47:47"
17000000,separate,reverse,0,42,0.004823667,0,"","INOVAI-NB-8","CPU info","GCC 13.3.0","2025-10-06 11:47:47"
17000000,simultaneous,reverse,0,42,0.011444852,0,"","INOVAI-NB-8","CPU info","GCC 13.3.0","2025-10-06 11:47:47"
18000000,separate,reverse,0,42,0.005262727,0,"","INOVAI-NB-8","CPU info","GCC 13.3.0","2025-10-06 11:47:47"
18000000,simultaneous,reverse,0,42,0.011942030,0,"","INOVAI-NB-8","CPU info","GCC 13.3.0","2025-10-06 11:47:47"
19000000,separate,reverse,0,42,0.005305507,0,"","INOVAI-NB-8","CPU info","GCC 13.3.0","2025-10-06 11:47:47"
19000000,simultaneous,reverse,0,42,0.012559490,0,"","INOVAI-NB-8","CPU info","GCC 13.3.0","2025-10-06 11:47:47"
20000000,separate,reverse,0,42,0.005550221,0,"","INOVAI-NB-8","CPU info","GCC 13.3.0","2025-10-06 11:47:47"
20000000,simultaneous,reverse,0,42,0.013317323,0,"","INOVAI-NB-8","CPU info","GCC 13.3.0","2025-10-06 11:47:47"
21000000,separate,reverse,0,42,0.006152844,0,"","INOVAI-NB-8","CPU info","GCC 13.3.0","2025-10-06 11:47:47"
21000000,simultaneous,reverse,0,42,0.014160727,0,"","INOVAI-NB-8","CPU info","GCC 13.3.0","2025-10-06 11:47:47"
22000000,separate,reverse,0,42,0.006145505,0,"","INOVAI-NB-8","CPU info","GCC 13.3.0","2025-10-06 11:47:47"
22000000,simultaneous,reverse,0,42,0.014377539,0,"","INOVAI-NB-8","CPU info","GCC 13.3.0","2025-10-06 11:47:47"
23000000,separate,reverse,0,42,0.006616859,0,"","INOVAI-NB-8","CPU info","GCC 13.3.0","2025-10-06 11:47:47"
23000000,simultaneous,reverse,0,42,0.016136711,0,"","INOVAI-NB-8","CPU info","GCC 13.3.0","2025-10-06 11:47:47"
24000000,separate,reverse,0,42,0.008071444,0,"","INOVAI-NB-8","CPU info","GCC 13.3.0","2025-10-06 11:47:47"
24000000,simultaneous,reverse,0,42,0.016121266,0,"","INOVAI-NB-8","CPU info","GCC 13.3.0","2025-10-06 11:47:47"
25000000,separate,reverse,0,42,0.007200322,0,"","INOVAI-NB-8","CPU info","GCC 13.3.0","2025-10-06 11:47:47"
25000000,simultaneous,reverse,0,42,0.016479999,0,"","INOVAI-NB-8","CPU info","GCC 13.3.0","2025-10-06 11:47:47"
26000000,separate,reverse,0,42,0.007891441,0,"","INOVAI-NB-8","CPU info","GCC 13.3.0","2025-10-06 11:47:47"
26000000,simultaneous,reverse,0,42,0.017442866,0,"","INOVAI-NB-8","CPU info","GCC 13.3.0","2025-10-06 11:47:47"
27000000,separate,reverse,0,42,0.007702454,0,"","INOVAI-NB-8","CPU info","GCC 13.3.0","2025-10-06 11:47:47"
27000000,simultaneous,reverse,0,42,0.018360318,0,"","INOVAI-NB-8","CPU info","GCC 13.3.0","2025-10-06 11:47:47"
28000000,separate,reverse,0,42,0.010007610,0,"","INOVAI-NB-8","CPU info","GCC 13.3.0","2025-10-06 11:47:47"
28000000,simultaneous,reverse,0,42,0.018366133,0,"","INOVAI-NB-8","CPU info","GCC 13.3.0","2025-10-06 11:47:47"
29000000,separate,reverse,0,42,0.008443758,0,"","INOVAI-NB-8","CPU info","GCC 13.3.0","2025-10-06 11:47:47"
29000000,simultaneous,reverse,0,42,0.019944047,0,"","INOVAI-NB-8","CPU info","GCC 13.3.0","2025-10-06 11:47:47"
30000000,separate,reverse,0,42,0.008704971,0,"","INOVAI-NB-8","CPU info","GCC 13.3.0","2025-10-06 11:47:47"
30000000,simultaneous,reverse,0,42,0.019859621,0,"","INOVAI-NB-8","CPU info","GCC 13.3.0","2025-10-06 11:47:47"
31000000,separate,reverse,0,42,0.009417514,0,"","INOVAI-NB-8","CPU info","GCC 13.3.0","2025-10-06 11:47:47"
31000000,simultaneous,reverse,0,42,0.021106993,0,"","INOVAI-NB-8","CPU info","GCC 13.3.0","2025-10-06 11:47:47"
32000000,separate,reverse,0,42,0.009171984,0,"","INOVAI-NB-8","CPU info","GCC 13.3.0","2025-10-06 11:47:47"
32000000,simultaneous,reverse,0,42,0.021832186,0,"","INOVAI-NB-8","CPU info","GCC 13.3.0","2025-10-06 11:47:47"
33000000,separate,reverse,0,42,0.009504883,0,"","INOVAI-NB-8","CPU info","GCC 13.3.0","2025-10-06 11:47:47"
33000000,simultaneous,reverse,0,42,0.022133081,0,"","INOVAI-NB-8","CPU info","GCC 13.3.0","2025-10-06 11:47:47"
34000000,separate,reverse,0,42,0.010990104,0,"","INOVAI-NB-8","CPU info","GCC 13.3.0","2025-10-06 11:47:47"
34000000,simultaneous,reverse,0,42,0.022570276,0,"","INOVAI-NB-8","CPU info","GCC 13.3.0","2025-10-06 11:47:47"
35000000,separate,reverse,0,42,0.010552162,0,"","INOVAI-NB-8","CPU info","GCC 13.3.0","2025-10-06 11:47:47"
35000000,simultaneous,reverse,0,42,0.024968022,0,"","INOVAI-NB-8","CPU info","GCC 13.3.0","2025-10-06 11:47:47"
36000000,separate,reverse,0,42,0.010331494,0,"","INOVAI-NB-8","CPU info","GCC 13.3.0","2025-10-06 11:47:47"
36000000,simultaneous,reverse,0,42,0.025010005,0,"","INOVAI-NB-8","CPU info","GCC 13.3.0","2025-10-06 11:47:47"
37000000,separate,reverse,0,42,0.010797210,0,"","INOVAI-NB-8","CPU info","GCC 13.3.0","2025-10-06 11:47:47"
37000000,simultaneous,reverse,0,42,0.025493029,0,"","INOVAI-NB-8","CPU info","GCC 13.3.0","2025-10-06 11:47:47"
38000000,separate,reverse,0,42,0.011041282,0,"","INOVAI-NB-8","CPU info","GCC 13.3.0","2025-10-06 11:47:47"
38000000,simultaneous,reverse,0,42,0.025000958,0,"","INOVAI-NB-8","CPU info","GCC 13.3.0","2025-10-06 11:47:47"
39000000,separate,reverse,0,42,0.011143645,0,"","INOVAI-NB-8","CPU info","GCC 13.3.0","2025-10-06 11:47:47"
39000000,simultaneous,reverse,0,42,0.025514734,0,"","INOVAI-NB-8","CPU info","GCC 13.3.0","2025-10-06 11:47:47"
40000000,separate,reverse,0,42,0.011356559,0,"","INOVAI-NB-8","CPU info","GCC 13.3.0","2025-10-06 11:47:47"
40000000,simultaneous,reverse,0,42,0.027209519,0,"","INOVAI-NB-8","CPU info","GCC 13.3.0","2025-10-06 11:47:47"
41000000,separate,reverse,0,42,0.011914753,0,"","INOVAI-NB-8","CPU info","GCC 13.3.0","2025-10-06 11:47:47"
41000000,simultaneous,reverse,0,42,0.027619754,0,"","INOVAI-NB-8","CPU info","GCC 13.3.0","2025-10-06 11:47:47"
42000000,separate,reverse,0,42,0.012033422,0,"","INOVAI-NB-8","CPU info","GCC 13.3.0","2025-10-06 11:47:47"
42000000,simultaneous,reverse,0,42,0.028712782,0,"","INOVAI-NB-8","CPU info","GCC 13.3.0","2025-10-06 11:47:47"
43000000,separate,reverse,0,42,0.013153644,0,"","INOVAI-NB-8","CPU info","GCC 13.3.0","2025-10-06 11:47:47"
43000000,simultaneous,reverse,0,42,0.029524107,0,"","INOVAI-NB-8","CPU info","GCC 13.3.0","2025-10-06 11:47:47"
44000000,separate,reverse,0,42,0.012983022,0,"","INOVAI-NB-8","CPU info","GCC 13.3.0","2025-10-06 11:47:47"
44000000,simultaneous,reverse,0,42,0.028020230,0,"","INOVAI-NB-8","CPU info","GCC 13.3.0","2025-10-06 11:47:47"
45000000,separate,reverse,0,42,0.013006341,0,"","INOVAI-NB-8","CPU info","GCC 13.3.0","2025-10-06 11:47:47"
45000000,simultaneous,reverse,0,42,0.027918894,0,"","INOVAI-NB-8","CPU info","GCC 13.3.0","2025-10-06 11:47:47"
46000000,separate,reverse,0,42,0.013951922,0,"","INOVAI-NB-8","CPU info","GCC 13.3.0","2025-10-06 11:47:47"
46000000,simultaneous,reverse,0,42,0.028144188,0,"","INOVAI-NB-8","CPU info","GCC 13.3.0","2025-10-06 11:47:47"
47000000,separate,reverse,0,42,0.013776550,0,"","INOVAI-NB-8","CPU info","GCC 13.3.0","2025-10-06 11:47:47"
47000000,simultaneous,reverse,0,42,0.029411155,0,"","INOVAI-NB-8","CPU info","GCC 13.3.0","2025-10-06 11:47:47"
48000000,separate,reverse,0,42,0.014155933,0,"","INOVAI-NB-8","CPU info","GCC 13.3.0","2025-10-06 11:47:47"
48000000,simultaneous,reverse,0,42,0.029547229,0,"","INOVAI-NB-8","CPU info","GCC 13.3.0","2025-10-06 11:47:47"
49000000,separate,reverse,0,42,0.016051297,0,"","INOVAI-NB-8","CPU info","GCC 13.3.0","2025-10-06 11:47:47"
49000000,simultaneous,reverse,0,42,0.030950415,0,"","INOVAI-NB-8","CPU info","GCC 13.3.0","2025-10-06 11:47:47"
50000000,separate,reverse,0,42,0.015694123,0,"","INOVAI-NB-8","CPU info","GCC 13.3.0","2025-10-06 11:47:47"
50000000,simultaneous,reverse,0,42,0.032818205,0,"","INOVAI-NB-8","CPU info","GCC 13.3.0","2025-10-06 11:47:47"
51000000,separate,reverse,0,42,0.016468004,0,"","INOVAI-NB-8","CPU info","GCC 13.3.0","2025-10-06 11:47:47"
51000000,simultaneous,reverse,0,42,0.032966486,0,"","INOVAI-NB-8","CPU info","GCC 13.3.0","2025-10-06 11:47:47"
52000000,separate,reverse,0,42,0.016002789,0,"","INOVAI-NB-8","CPU info","GCC 13.3.0","2025-10-06 11:47:47"
52000000,simultaneous,reverse,0,42,0.033384583,0,"","INOVAI-NB-8","CPU info","GCC 13.3.0","2025-10-06 11:47:47"
53000000,separate,reverse,0,42,0.016756530,0,"","INOVAI-NB-8","CPU info","GCC 13.3.0","2025-10-06 11:47:47"
53000000,simultaneous,reverse,0,42,0.033930954,0,"","INOVAI-NB-8","CPU info","GCC 13.3.0","2025-10-06 11:47:47"
54000000,separate,reverse,0,42,0.015455401,0,"","INOVAI-NB-8","CPU info","GCC 13.3.0","2025-10-06 11:47:47"
54000000,simultaneous,reverse,0,42,0.037064904,0,"","INOVAI-NB-8","CPU info","GCC 13.3.0","2025-10-06 11:47:47"
55000000,separate,reverse,0,42,0.016779357,0,"","INOVAI-NB-8","CPU info","GCC 13.3.0","2025-10-06 11:47:47"
55000000,simultaneous,reverse,0,42,0.035155701,0,"","INOVAI-NB-8","CPU info","GCC 13.3.0","2025-10-06 11:47:47"
56000000,separate,reverse,0,42,0.016774838,0,"","INOVAI-NB-8","CPU info","GCC 13.3.0","2025-10-06 11:47:47"
56000000,simultaneous,reverse,0,42,0.036835722,0,"","INOVAI-NB-8","CPU info","GCC 13.3.0","2025-10-06 11:47:47"
57000000,separate,reverse,0,42,0.016208733,0,"","INOVAI-NB-8","CPU info","GCC 13.3.0","2025-10-06 11:47:47"
57000000,simultaneous,reverse,0,42,0.038792779,0,"","INOVAI-NB-8","CPU info","GCC 13.3.0","2025-10-06 11:47:47"
58000000,separate,reverse,0,42,0.016817307,0,"","INOVAI-NB-8","CPU info","GCC 13.3.0","2025-10-06 11:47:47"
58000000,simultaneous,reverse,0,42,0.041230928,0,"","INOVAI-NB-8","CPU info","GCC 13.3.0","2025-10-06 11:47:47"
59000000,separate,reverse,0,42,0.016853305,0,"","INOVAI-NB-8","CPU info","GCC 13.3.0","2025-10-06 11:47:47"
59000000,simultaneous,reverse,0,42,0.040141060,0,"","INOVAI-NB-8","CPU info","GCC 13.3.0","2025-10-06 11:47:47"
60000000,separate,reverse,0,42,0.017935566,0,"","INOVAI-NB-8","CPU info","GCC 13.3.0","2025-10-06 11:47:47"
60000000,simultaneous,reverse,0,42,0.042510382,0,"","INOVAI-NB-8","CPU info","GCC 13.3.0","2025-10-06 11:47:47"
61000000,separate,reverse,0,42,0.017608877,0,"","INOVAI-NB-8","CPU info","GCC 13.3.0","2025-10-06 11:47:47"
61000000,simultaneous,reverse,0,42,0.042575894,0,"","INOVAI-NB-8","CPU info","GCC 13.3.0","2025-10-06 11:47:47"
62000000,separate,reverse,0,42,0.018434584,0,"","INOVAI-NB-8","CPU info","GCC 13.3.0","2025-10-06 11:47:47"
62000000,simultaneous,reverse,0,42,0.041960465,0,"","INOVAI-NB-8","CPU info","GCC 13.3.0","2025-10-06 11:47:47"
63000000,separate,reverse,0,42,0.017999679,0,"","INOVAI-NB-8","CPU info","GCC 13.3.0","2025-10-06 11:47:47"
63000000,simultaneous,reverse,0,42,0.047717289,0,"","INOVAI-NB-8","CPU info","GCC 13.3.0","2025-10-06 11:47:47"
64000000,separate,reverse,0,42,0.019587051,0,"","INOVAI-NB-8","CPU info","GCC 13.3.0","2025-10-06 11:47:47"
64000000,simultaneous,reverse,0,42,0.042789230,0,"","INOVAI-NB-8","CPU info","GCC 13.3.0","2025-10-06 11:47:47"
65000000,separate,reverse,0,42,0.018605395,0,"","INOVAI-NB-8","CPU info","GCC 13.3.0","2025-10-06 11:47:47"
65000000,simultaneous,reverse,0,42,0.045081710,0,"","INOVAI-NB-8","CPU info","GCC 13.3.0","2025-10-06 11:47:47"
66000000,separate,reverse,0,42,0.021430117,0,"","INOVAI-NB-8","CPU info","GCC 13.3.0","2025-10-06 11:47:47"
66000000,simultaneous,reverse,0,42,0.041256424,0,"","INOVAI-NB-8","CPU info","GCC 13.3.0","2025-10-06 11:47:47"
67000000,separate,reverse,0,42,0.020487516,0,"","INOVAI-NB-8","CPU info","GCC 13.3.0","2025-10-06 11:47:47"
67000000,simultaneous,reverse,0,42,0.042509465,0,"","INOVAI-NB-8","CPU info","GCC 13.3.0","2025-10-06 11:47:47"
68000000,separate,reverse,0,42,0.019880482,0,"","INOVAI-NB-8","CPU info","GCC 13.3.0","2025-10-06 11:47:47"
68000000,simultaneous,reverse,0,42,0.045334410,0,"","INOVAI-NB-8","CPU info","GCC 13.3.0","2025-10-06 11:47:47"
69000000,separate,reverse,0,42,0.020520259,0,"","INOVAI-NB-8","CPU info","GCC 13.3.0","2025-10-06 11:47:47"
69000000,simultaneous,reverse,0,42,0.047079652,0,"","INOVAI-NB-8","CPU info","GCC 13.3.0","2025-10-06 11:47:47"
70000000,separate,reverse,0,42,0.020109124,0,"","INOVAI-NB-8","CPU info","GCC 13.3.0","2025-10-06 11:47:47"
70000000,simultaneous,reverse,0,42,0.047126505,0,"","INOVAI-NB-8","CPU info","GCC 13.3.0","2025-10-06 11:47:47"
71000000,separate,reverse,0,42,0.021726212,0,"","INOVAI-NB-8","CPU info","GCC 13.3.0","2025-10-06 11:47:47"
71000000,simultaneous,reverse,0,42,0.046657811,0,"","INOVAI-NB-8","CPU info","GCC 13.3.0","2025-10-06 11:47:47"
72000000,separate,reverse,0,42,0.021477842,0,"","INOVAI-NB-8","CPU info","GCC 13.3.0","2025-10-06 11:47:47"
72000000,simultaneous,reverse,0,42,0.050560641,0,"","INOVAI-NB-8","CPU info","GCC 13.3.0","2025-10-06 11:47:47"
73000000,separate,reverse,0,42,0.022188542,0,"","INOVAI-NB-8","CPU info","GCC 13.3.0","2025-10-06 11:47:47"
73000000,simultaneous,reverse,0,42,0.048689076,0,"","INOVAI-NB-8","CPU info","GCC 13.3.0","2025-10-06 11:47:47"
74000000,separate,reverse,0,42,0.021885630,0,"","INOVAI-NB-8","CPU info","GCC 13.3.0","2025-10-06 11:47:47"
74000000,simultaneous,reverse,0,42,0.050330966,0,"","INOVAI-NB-8","CPU info","GCC 13.3.0","2025-10-06 11:47:47"
100000000,separate,reverse,0,42,0.031722236,0,"","INOVAI-NB-8","CPU info","GCC 13.3.0","2025-10-06 11:47:47"
100000000,simultaneous,reverse,0,42,0.065345787,0,"","INOVAI-NB-8","CPU info","GCC 13.3.0","2025-10-06 11:47:47"
1000,separate,constant,0,42,0.000000476,0,"","INOVAI-NB-8","CPU info","GCC 13.3.0","2025-10-06 11:47:47"
1000,simultaneous,constant,0,42,0.000000556,0,"","INOVAI-NB-8","CPU info","GCC 13.3.0","2025-10-06 11:47:47"
2000,separate,constant,0,42,0.000000217,0,"","INOVAI-NB-8","CPU info","GCC 13.3.0","2025-10-06 11:47:47"
2000,simultaneous,constant,0,42,0.000000999,0,"","INOVAI-NB-8","CPU info","GCC 13.3.0","2025-10-06 11:47:47"
3000,separate,constant,0,42,0.000000290,0,"","INOVAI-NB-8","CPU info","GCC 13.3.0","2025-10-06 11:47:47"
3000,simultaneous,constant,0,42,0.000001480,0,"","INOVAI-NB-8","CPU info","GCC 13.3.0","2025-10-06 11:47:47"
4000,separate,constant,0,42,0.000000369,0,"","INOVAI-NB-8","CPU info","GCC 13.3.0","2025-10-06 11:47:47"
4000,simultaneous,constant,0,42,0.000001964,0,"","INOVAI-NB-8","CPU info","GCC 13.3.0","2025-10-06 11:47:47"
5000,separate,constant,0,42,0.000000453,0,"","INOVAI-NB-8","CPU info","GCC 13.3.0","2025-10-06 11:47:47"
5000,simultaneous,constant,0,42,0.000002445,0,"","INOVAI-NB-8","CPU info","GCC 13.3.0","2025-10-06 11:47:47"
6000,separate,constant,0,42,0.000000532,0,"","INOVAI-NB-8","CPU info","GCC 13.3.0","2025-10-06 11:47:47"
6000,simultaneous,constant,0,42,0.000002927,0,"","INOVAI-NB-8","CPU info","GCC 13.3.0","2025-10-06 11:47:47"
7000,separate,constant,0,42,0.000000606,0,"","INOVAI-NB-8","CPU info","GCC 13.3.0","2025-10-06 11:47:47"
7000,simultaneous,constant,0,42,0.000003415,0,"","INOVAI-NB-8","CPU info","GCC 13.3.0","2025-10-06 11:47:47"
8000,separate,constant,0,42,0.000000702,0,"","INOVAI-NB-8","CPU info","GCC 13.3.0","2025-10-06 11:47:47"
8000,simultaneous,constant,0,42,0.000003907,0,"","INOVAI-NB-8","CPU info","GCC 13.3.0","2025-10-06 11:47:47"
9000,separate,constant,0,42,0.000000782,0,"","INOVAI-NB-8","CPU info","GCC 13.3.0","2025-10-06 11:47:47"
9000,simultaneous,constant,0,42,0.000004391,0,"","INOVAI-NB-8","CPU info","GCC 13.3.0","2025-10-06 11:47:47"
10000,separate,constant,0,42,0.000000867,0,"","INOVAI-NB-8","CPU info","GCC 13.3.0","2025-10-06 11:47:47"
10000,simultaneous,constant,0,42,0.000004865,0,"","INOVAI-NB-8","CPU info","GCC 13.3.0","2025-10-06 11:47:47"
20000,separate,constant,0,42,0.000002578,0,"","INOVAI-NB-8","CPU info","GCC 13.3.0","2025-10-06 11:47:47"
20000,simultaneous,constant,0,42,0.000009728,0,"","INOVAI-NB-8","CPU info","GCC 13.3.0","2025-10-06 11:47:47"
30000,separate,constant,0,42,0.000003697,0,"","INOVAI-NB-8","CPU info","GCC 13.3.0","2025-10-06 11:47:47"
30000,simultaneous,constant,0,42,0.000014550,0,"","INOVAI-NB-8","CPU info","GCC 13.3.0","2025-10-06 11:47:47"
40000,separate,constant,0,42,0.000004810,0,"","INOVAI-NB-8","CPU info","GCC 13.3.0","2025-10-06 11:47:47"
40000,simultaneous,constant,0,42,0.000019390,0,"","INOVAI-NB-8","CPU info","GCC 13.3.0","2025-10-06 11:47:47"
50000,separate,constant,0,42,0.000012947,0,"","INOVAI-NB-8","CPU info","GCC 13.3.0","2025-10-06 11:47:47"
50000,simultaneous,constant,0,42,0.000024294,0,"","INOVAI-NB-8","CPU info","GCC 13.3.0","2025-10-06 11:47:47"
60000,separate,constant,0,42,0.000007066,0,"","INOVAI-NB-8","CPU info","GCC 13.3.0","2025-10-06 11:47:47"
60000,simultaneous,constant,0,42,0.000029128,0,"","INOVAI-NB-8","CPU info","GCC 13.3.0","2025-10-06 11:47:47"
70000,separate,constant,0,42,0.000008202,0,"","INOVAI-NB-8","CPU info","GCC 13.3.0","2025-10-06 11:47:47"
70000,simultaneous,constant,0,42,0.000033926,0,"","INOVAI-NB-8","CPU info","GCC 13.3.0","2025-10-06 11:47:47"
80000,separate,constant,0,42,0.000009354,0,"","INOVAI-NB-8","CPU info","GCC 13.3.0","2025-10-06 11:47:47"
80000,simultaneous,constant,0,42,0.000038801,0,"","INOVAI-NB-8","CPU info","GCC 13.3.0","2025-10-06 11:47:47"
90000,separate,constant,0,42,0.000010437,0,"","INOVAI-NB-8","CPU info","GCC 13.3.0","2025-10-06 11:47:47"
90000,simultaneous,constant,0,42,0.000043627,0,"","INOVAI-NB-8","CPU info","GCC 13.3.0","2025-10-06 11:47:47"
100000,separate,constant,0,42,0.000011708,0,"","INOVAI-NB-8","CPU info","GCC 13.3.0","2025-10-06 11:47:47"
100000,simultaneous,constant,0,42,0.000048474,0,"","INOVAI-NB-8","CPU info","GCC 13.3.0","2025-10-06 11:47:47"
200000,separate,constant,0,42,0.000023786,0,"","INOVAI-NB-8","CPU info","GCC 13.3.0","2025-10-06 11:47:47"
200000,simultaneous,constant,0,42,0.000105196,0,"","INOVAI-NB-8","CPU info","GCC 13.3.0","2025-10-06 11:47:47"
300000,separate,constant,0,42,0.000037168,0,"","INOVAI-NB-8","CPU info","GCC 13.3.0","2025-10-06 11:47:47"
300000,simultaneous,constant,0,42,0.000140472,0,"","INOVAI-NB-8","CPU info","GCC 13.3.0","2025-10-06 11:47:47"
400000,separate,constant,0,42,0.000073391,0,"","INOVAI-NB-8","CPU info","GCC 13.3.0","2025-10-06 11:47:47"
400000,simultaneous,constant,0,42,0.000191109,0,"","INOVAI-NB-8","CPU info","GCC 13.3.0","2025-10-06 11:47:47"
500000,separate,constant,0,42,0.000118740,0,"","INOVAI-NB-8","CPU info","GCC 13.3.0","2025-10-06 11:47:47"
500000,simultaneous,constant,0,42,0.000251029,0,"","INOVAI-NB-8","CPU info","GCC 13.3.0","2025-10-06 11:47:47"
600000,separate,constant,0,42,0.000170462,0,"","INOVAI-NB-8","CPU info","GCC 13.3.0","2025-10-06 11:47:47"
600000,simultaneous,constant,0,42,0.000309924,0,"","INOVAI-NB-8","CPU info","GCC 13.3.0","2025-10-06 11:47:47"
700000,separate,constant,0,42,0.000248734,0,"","INOVAI-NB-8","CPU info","GCC 13.3.0","2025-10-06 11:47:47"
700000,simultaneous,constant,0,42,0.000387188,0,"","INOVAI-NB-8","CPU info","GCC 13.3.0","2025-10-06 11:47:47"
800000,separate,constant,0,42,0.000253477,0,"","INOVAI-NB-8","CPU info","GCC 13.3.0","2025-10-06 11:47:47"
800000,simultaneous,constant,0,42,0.000405811,0,"","INOVAI-NB-8","CPU info","GCC 13.3.0","2025-10-06 11:47:47"
900000,separate,constant,0,42,0.000269159,0,"","INOVAI-NB-8","CPU info","GCC 13.3.0","2025-10-06 11:47:47"
900000,simultaneous,constant,0,42,0.000432203,0,"","INOVAI-NB-8","CPU info","GCC 13.3.0","2025-10-06 11:47:47"
1000000,separate,constant,0,42,0.000265420,0,"","INOVAI-NB-8","CPU info","GCC 13.3.0","2025-10-06 11:47:47"
1000000,simultaneous,constant,0,42,0.000436551,0,"","INOVAI-NB-8","CPU info","GCC 13.3.0","2025-10-06 11:47:47"
2000000,separate,constant,0,42,0.000676543,0,"","INOVAI-NB-8","CPU info","GCC 13.3.0","2025-10-06 11:47:47"
2000000,simultaneous,constant,0,42,0.001030285,0,"","INOVAI-NB-8","CPU info","GCC 13.3.0","2025-10-06 11:47:47"
3000000,separate,constant,0,42,0.000923295,0,"","INOVAI-NB-8","CPU info","GCC 13.3.0","2025-10-06 11:47:47"
3000000,simultaneous,constant,0,42,0.001481039,0,"","INOVAI-NB-8","CPU info","GCC 13.3.0","2025-10-06 11:47:47"
4000000,separate,constant,0,42,0.001214782,0,"","INOVAI-NB-8","CPU info","GCC 13.3.0","2025-10-06 11:47:47"
4000000,simultaneous,constant,0,42,0.002080181,0,"","INOVAI-NB-8","CPU info","GCC 13.3.0","2025-10-06 11:47:47"
5000000,separate,constant,0,42,0.001566349,0,"","INOVAI-NB-8","CPU info","GCC 13.3.0","2025-10-06 11:47:47"
5000000,simultaneous,constant,0,42,0.002734412,0,"","INOVAI-NB-8","CPU info","GCC 13.3.0","2025-10-06 11:47:47"
6000000,separate,constant,0,42,0.002408652,0,"","INOVAI-NB-8","CPU info","GCC 13.3.0","2025-10-06 11:47:47"
6000000,simultaneous,constant,0,42,0.004016264,0,"","INOVAI-NB-8","CPU info","GCC 13.3.0","2025-10-06 11:47:47"
7000000,separate,constant,0,42,0.002334553,0,"","INOVAI-NB-8","CPU info","GCC 13.3.0","2025-10-06 11:47:47"
7000000,simultaneous,constant,0,42,0.004853295,0,"","INOVAI-NB-8","CPU info","GCC 13.3.0","2025-10-06 11:47:47"
8000000,separate,constant,0,42,0.003498376,0,"","INOVAI-NB-8","CPU info","GCC 13.3.0","2025-10-06 11:47:47"
8000000,simultaneous,constant,0,42,0.005674535,0,"","INOVAI-NB-8","CPU info","GCC 13.3.0","2025-10-06 11:47:47"
9000000,separate,constant,0,42,0.004346199,0,"","INOVAI-NB-8","CPU info","GCC 13.3.0","2025-10-06 11:47:47"
9000000,simultaneous,constant,0,42,0.006956662,0,"","INOVAI-NB-8","CPU info","GCC 13.3.0","2025-10-06 11:47:47"
10000000,separate,constant,0,42,0.002951322,0,"","INOVAI-NB-8","CPU info","GCC 13.3.0","2025-10-06 11:47:47"
10000000,simultaneous,constant,0,42,0.006067868,0,"","INOVAI-NB-8","CPU info","GCC 13.3.0","2025-10-06 11:47:47"
11000000,separate,constant,0,42,0.003189842,0,"","INOVAI-NB-8","CPU info","GCC 13.3.0","2025-10-06 11:47:47"
11000000,simultaneous,constant,0,42,0.006901733,0,"","INOVAI-NB-8","CPU info","GCC 13.3.0","2025-10-06 11:47:47"
12000000,separate,constant,0,42,0.003344828,0,"","INOVAI-NB-8","CPU info","GCC 13.3.0","2025-10-06 11:47:47"
12000000,simultaneous,constant,0,42,0.007329392,0,"","INOVAI-NB-8","CPU info","GCC 13.3.0","2025-10-06 11:47:47"
13000000,separate,constant,0,42,0.003776456,0,"","INOVAI-NB-8","CPU info","GCC 13.3.0","2025-10-06 11:47:47"
13000000,simultaneous,constant,0,42,0.007846828,0,"","INOVAI-NB-8","CPU info","GCC 13.3.0","2025-10-06 11:47:47"
14000000,separate,constant,0,42,0.004319828,0,"","INOVAI-NB-8","CPU info","GCC 13.3.0","2025-10-06 11:47:47"
14000000,simultaneous,constant,0,42,0.009726435,0,"","INOVAI-NB-8","CPU info","GCC 13.3.0","2025-10-06 11:47:47"
15000000,separate,constant,0,42,0.004377034,0,"","INOVAI-NB-8","CPU info","GCC 13.3.0","2025-10-06 11:47:47"
15000000,simultaneous,constant,0,42,0.009894070,0,"","INOVAI-NB-8","CPU info","GCC 13.3.0","2025-10-06 11:47:47"
16000000,separate,constant,0,42,0.004461451,0,"","INOVAI-NB-8","CPU info","GCC 13.3.0","2025-10-06 11:47:47"
16000000,simultaneous,constant,0,42,0.010649582,0,"","INOVAI-NB-8","CPU info","GCC 13.3.0","2025-10-06 11:47:47"
17000000,separate,constant,0,42,0.004683625,0,"","INOVAI-NB-8","CPU info","GCC 13.3.0","2025-10-06 11:47:47"
17000000,simultaneous,constant,0,42,0.011517394,0,"","INOVAI-NB-8","CPU info","GCC 13.3.0","2025-10-06 11:47:47"
18000000,separate,constant,0,42,0.005231379,0,"","INOVAI-NB-8","CPU info","GCC 13.3.0","2025-10-06 11:47:47"
18000000,simultaneous,constant,0,42,0.011648897,0,"","INOVAI-NB-8","CPU info","GCC 13.3.0","2025-10-06 11:47:47"
19000000,separate,constant,0,42,0.005387180,0,"","INOVAI-NB-8","CPU info","GCC 13.3.0","2025-10-06 11:47:47"
19000000,simultaneous,constant,0,42,0.013005246,0,"","INOVAI-NB-8","CPU info","GCC 13.3.0","2025-10-06 11:47:47"
20000000,separate,constant,0,42,0.006048690,0,"","INOVAI-NB-8","CPU info","GCC 13.3.0","2025-10-06 11:47:47"
20000000,simultaneous,constant,0,42,0.013223984,0,"","INOVAI-NB-8","CPU info","GCC 13.3.0","2025-10-06 11:47:47"
21000000,separate,constant,0,42,0.006505497,0,"","INOVAI-NB-8","CPU info","GCC 13.3.0","2025-10-06 11:47:47"
21000000,simultaneous,constant,0,42,0.014320393,0,"","INOVAI-NB-8","CPU info","GCC 13.3.0","2025-10-06 11:47:47"
22000000,separate,constant,0,42,0.006490775,0,"","INOVAI-NB-8","CPU info","GCC 13.3.0","2025-10-06 11:47:47"
22000000,simultaneous,constant,0,42,0.014942667,0,"","INOVAI-NB-8","CPU info","GCC 13.3.0","2025-10-06 11:47:47"
23000000,separate,constant,0,42,0.006624869,0,"","INOVAI-NB-8","CPU info","GCC 13.3.0","2025-10-06 11:47:47"
23000000,simultaneous,constant,0,42,0.016323029,0,"","INOVAI-NB-8","CPU info","GCC 13.3.0","2025-10-06 11:47:47"
24000000,separate,constant,0,42,0.006893098,0,"","INOVAI-NB-8","CPU info","GCC 13.3.0","2025-10-06 11:47:47"
24000000,simultaneous,constant,0,42,0.015923064,0,"","INOVAI-NB-8","CPU info","GCC 13.3.0","2025-10-06 11:47:47"
25000000,separate,constant,0,42,0.007222964,0,"","INOVAI-NB-8","CPU info","GCC 13.3.0","2025-10-06 11:47:47"
25000000,simultaneous,constant,0,42,0.017996053,0,"","INOVAI-NB-8","CPU info","GCC 13.3.0","2025-10-06 11:47:47"
26000000,separate,constant,0,42,0.007568881,0,"","INOVAI-NB-8","CPU info","GCC 13.3.0","2025-10-06 11:47:47"
26000000,simultaneous,constant,0,42,0.015226704,0,"","INOVAI-NB-8","CPU info","GCC 13.3.0","2025-10-06 11:47:47"
27000000,separate,constant,0,42,0.007938848,0,"","INOVAI-NB-8","CPU info","GCC 13.3.0","2025-10-06 11:47:47"
27000000,simultaneous,constant,0,42,0.018261295,0,"","INOVAI-NB-8","CPU info","GCC 13.3.0","2025-10-06 11:47:47"
28000000,separate,constant,0,42,0.009392401,0,"","INOVAI-NB-8","CPU info","GCC 13.3.0","2025-10-06 11:47:47"
28000000,simultaneous,constant,0,42,0.019339660,0,"","INOVAI-NB-8","CPU info","GCC 13.3.0","2025-10-06 11:47:47"
29000000,separate,constant,0,42,0.008952336,0,"","INOVAI-NB-8","CPU info","GCC 13.3.0","2025-10-06 11:47:47"
29000000,simultaneous,constant,0,42,0.018665594,0,"","INOVAI-NB-8","CPU info","GCC 13.3.0","2025-10-06 11:47:47"
30000000,separate,constant,0,42,0.008886206,0,"","INOVAI-NB-8","CPU info","GCC 13.3.0","2025-10-06 11:47:47"
30000000,simultaneous,constant,0,42,0.020050419,0,"","INOVAI-NB-8","CPU info","GCC 13.3.0","2025-10-06 11:47:47"
31000000,separate,constant,0,42,0.009816047,0,"","INOVAI-NB-8","CPU info","GCC 13.3.0","2025-10-06 11:47:47"
31000000,simultaneous,constant,0,42,0.020341730,0,"","INOVAI-NB-8","CPU info","GCC 13.3.0","2025-10-06 11:47:47"
32000000,separate,constant,0,42,0.009278436,0,"","INOVAI-NB-8","CPU info","GCC 13.3.0","2025-10-06 11:47:47"
32000000,simultaneous,constant,0,42,0.021872000,0,"","INOVAI-NB-8","CPU info","GCC 13.3.0","2025-10-06 11:47:47"
33000000,separate,constant,0,42,0.011288553,0,"","INOVAI-NB-8","CPU info","GCC 13.3.0","2025-10-06 11:47:47"
33000000,simultaneous,constant,0,42,0.022370874,0,"","INOVAI-NB-8","CPU info","GCC 13.3.0","2025-10-06 11:47:47"
34000000,separate,constant,0,42,0.010607410,0,"","INOVAI-NB-8","CPU info","GCC 13.3.0","2025-10-06 11:47:47"
34000000,simultaneous,constant,0,42,0.023801530,0,"","INOVAI-NB-8","CPU info","GCC 13.3.0","2025-10-06 11:47:47"
35000000,separate,constant,0,42,0.010106457,0,"","INOVAI-NB-8","CPU info","GCC 13.3.0","2025-10-06 11:47:47"
35000000,simultaneous,constant,0,42,0.020413999,0,"","INOVAI-NB-8","CPU info","GCC 13.3.0","2025-10-06 11:47:47"
36000000,separate,constant,0,42,0.010884674,0,"","INOVAI-NB-8","CPU info","GCC 13.3.0","2025-10-06 11:47:47"
36000000,simultaneous,constant,0,42,0.022228980,0,"","INOVAI-NB-8","CPU info","GCC 13.3.0","2025-10-06 11:47:47"
37000000,separate,constant,0,42,0.010901422,0,"","INOVAI-NB-8","CPU info","GCC 13.3.0","2025-10-06 11:47:47"
37000000,simultaneous,constant,0,42,0.031177914,0,"","INOVAI-NB-8","CPU info","GCC 13.3.0","2025-10-06 11:47:47"
38000000,separate,constant,0,42,0.010894373,0,"","INOVAI-NB-8","CPU info","GCC 13.3.0","2025-10-06 11:47:47"
38000000,simultaneous,constant,0,42,0.025013401,0,"","INOVAI-NB-8","CPU info","GCC 13.3.0","2025-10-06 11:47:47"
39000000,separate,constant,0,42,0.012523918,0,"","INOVAI-NB-8","CPU info","GCC 13.3.0","2025-10-06 11:47:47"
39000000,simultaneous,constant,0,42,0.026092764,0,"","INOVAI-NB-8","CPU info","GCC 13.3.0","2025-10-06 11:47:47"
40000000,separate,constant,0,42,0.011690233,0,"","INOVAI-NB-8","CPU info","GCC 13.3.0","2025-10-06 11:47:47"
40000000,simultaneous,constant,0,42,0.027029902,0,"","INOVAI-NB-8","CPU info","GCC 13.3.0","2025-10-06 11:47:47"
41000000,separate,constant,0,42,0.011849271,0,"","INOVAI-NB-8","CPU info","GCC 13.3.0","2025-10-06 11:47:47"
41000000,simultaneous,constant,0,42,0.028549203,0,"","INOVAI-NB-8","CPU info","GCC 13.3.0","2025-10-06 11:47:47"
42000000,separate,constant,0,42,0.012191497,0,"","INOVAI-NB-8","CPU info","GCC 13.3.0","2025-10-06 11:47:47"
42000000,simultaneous,constant,0,42,0.029386359,0,"","INOVAI-NB-8","CPU info","GCC 13.3.0","2025-10-06 11:47:47"
43000000,separate,constant,0,42,0.012327212,0,"","INOVAI-NB-8","CPU info","GCC 13.3.0","2025-10-06 11:47:47"
43000000,simultaneous,constant,0,42,0.029313885,0,"","INOVAI-NB-8","CPU info","GCC 13.3.0","2025-10-06 11:47:47"
44000000,separate,constant,0,42,0.015480357,0,"","INOVAI-NB-8","CPU info","GCC 13.3.0","2025-10-06 11:47:47"
44000000,simultaneous,constant,0,42,0.029868696,0,"","INOVAI-NB-8","CPU info","GCC 13.3.0","2025-10-06 11:47:47"
45000000,separate,constant,0,42,0.013570485,0,"","INOVAI-NB-8","CPU info","GCC 13.3.0","2025-10-06 11:47:47"
45000000,simultaneous,constant,0,42,0.031384711,0,"","INOVAI-NB-8","CPU info","GCC 13.3.0","2025-10-06 11:47:47"
46000000,separate,constant,0,42,0.013208247,0,"","INOVAI-NB-8","CPU info","GCC 13.3.0","2025-10-06 11:47:47"
46000000,simultaneous,constant,0,42,0.031432671,0,"","INOVAI-NB-8","CPU info","GCC 13.3.0","2025-10-06 11:47:47"
47000000,separate,constant,0,42,0.015194658,0,"","INOVAI-NB-8","CPU info","GCC 13.3.0","2025-10-06 11:47:47"
47000000,simultaneous,constant,0,42,0.030991865,0,"","INOVAI-NB-8","CPU info","GCC 13.3.0","2025-10-06 11:47:47"
48000000,separate,constant,0,42,0.014729105,0,"","INOVAI-NB-8","CPU info","GCC 13.3.0","2025-10-06 11:47:47"
48000000,simultaneous,constant,0,42,0.032487691,0,"","INOVAI-NB-8","CPU info","GCC 13.3.0","2025-10-06 11:47:47"
49000000,separate,constant,0,42,0.014309766,0,"","INOVAI-NB-8","CPU info","GCC 13.3.0","2025-10-06 11:47:47"
49000000,simultaneous,constant,0,42,0.033406473,0,"","INOVAI-NB-8","CPU info","GCC 13.3.0","2025-10-06 11:47:47"
50000000,separate,constant,0,42,0.015162764,0,"","INOVAI-NB-8","CPU info","GCC 13.3.0","2025-10-06 11:47:47"
50000000,simultaneous,constant,0,42,0.034529420,0,"","INOVAI-NB-8","CPU info","GCC 13.3.0","2025-10-06 11:47:47"
51000000,separate,constant,0,42,0.016463881,0,"","INOVAI-NB-8","CPU info","GCC 13.3.0","2025-10-06 11:47:47"
51000000,simultaneous,constant,0,42,0.033134218,0,"","INOVAI-NB-8","CPU info","GCC 13.3.0","2025-10-06 11:47:47"
52000000,separate,constant,0,42,0.015202263,0,"","INOVAI-NB-8","CPU info","GCC 13.3.0","2025-10-06 11:47:47"
52000000,simultaneous,constant,0,42,0.035625917,0,"","INOVAI-NB-8","CPU info","GCC 13.3.0","2025-10-06 11:47:47"
53000000,separate,constant,0,42,0.015410383,0,"","INOVAI-NB-8","CPU info","GCC 13.3.0","2025-10-06 11:47:47"
53000000,simultaneous,constant,0,42,0.040318824,0,"","INOVAI-NB-8","CPU info","GCC 13.3.0","2025-10-06 11:47:47"
54000000,separate,constant,0,42,0.015470445,0,"","INOVAI-NB-8","CPU info","GCC 13.3.0","2025-10-06 11:47:47"
54000000,simultaneous,constant,0,42,0.038694996,0,"","INOVAI-NB-8","CPU info","GCC 13.3.0","2025-10-06 11:47:47"
55000000,separate,constant,0,42,0.015660178,0,"","INOVAI-NB-8","CPU info","GCC 13.3.0","2025-10-06 11:47:47"
55000000,simultaneous,constant,0,42,0.039483384,0,"","INOVAI-NB-8","CPU info","GCC 13.3.0","2025-10-06 11:47:47"
56000000,separate,constant,0,42,0.015951636,0,"","INOVAI-NB-8","CPU info","GCC 13.3.0","2025-10-06 11:47:47"
56000000,simultaneous,constant,0,42,0.040626775,0,"","INOVAI-NB-8","CPU info","GCC 13.3.0","2025-10-06 11:47:47"
57000000,separate,constant,0,42,0.016685148,0,"","INOVAI-NB-8","CPU info","GCC 13.3.0","2025-10-06 11:47:47"
57000000,simultaneous,constant,0,42,0.034594549,0,"","INOVAI-NB-8","CPU info","GCC 13.3.0","2025-10-06 11:47:47"
58000000,separate,constant,0,42,0.016850760,0,"","INOVAI-NB-8","CPU info","GCC 13.3.0","2025-10-06 11:47:47"
58000000,simultaneous,constant,0,42,0.043835066,0,"","INOVAI-NB-8","CPU info","GCC 13.3.0","2025-10-06 11:47:47"
59000000,separate,constant,0,42,0.017079766,0,"","INOVAI-NB-8","CPU info","GCC 13.3.0","2025-10-06 11:47:47"
59000000,simultaneous,constant,0,42,0.038646855,0,"","INOVAI-NB-8","CPU info","GCC 13.3.0","2025-10-06 11:47:47"
60000000,separate,constant,0,42,0.017282788,0,"","INOVAI-NB-8","CPU info","GCC 13.3.0","2025-10-06 11:47:47"
60000000,simultaneous,constant,0,42,0.045409722,0,"","INOVAI-NB-8","CPU info","GCC 13.3.0","2025-10-06 11:47:47"
61000000,separate,constant,0,42,0.017606704,0,"","INOVAI-NB-8","CPU info","GCC 13.3.0","2025-10-06 11:47:47"
61000000,simultaneous,constant,0,42,0.040091955,0,"","INOVAI-NB-8","CPU info","GCC 13.3.0","2025-10-06 11:47:47"
62000000,separate,constant,0,42,0.018855581,0,"","INOVAI-NB-8","CPU info","GCC 13.3.0","2025-10-06 11:47:47"
62000000,simultaneous,constant,0,42,0.041828171,0,"","INOVAI-NB-8","CPU info","GCC 13.3.0","2025-10-06 11:47:47"
63000000,separate,constant,0,42,0.019188204,0,"","INOVAI-NB-8","CPU info","GCC 13.3.0","2025-10-06 11:47:47"
63000000,simultaneous,constant,0,42,0.041513212,0,"","INOVAI-NB-8","CPU info","GCC 13.3.0","2025-10-06 11:47:47"
64000000,separate,constant,0,42,0.022087896,0,"","INOVAI-NB-8","CPU info","GCC 13.3.0","2025-10-06 11:47:47"
64000000,simultaneous,constant,0,42,0.042262282,0,"","INOVAI-NB-8","CPU info","GCC 13.3.0","2025-10-06 11:47:47"
65000000,separate,constant,0,42,0.020201692,0,"","INOVAI-NB-8","CPU info","GCC 13.3.0","2025-10-06 11:47:47"
65000000,simultaneous,constant,0,42,0.039981940,0,"","INOVAI-NB-8","CPU info","GCC 13.3.0","2025-10-06 11:47:47"
66000000,separate,constant,0,42,0.020976406,0,"","INOVAI-NB-8","CPU info","GCC 13.3.0","2025-10-06 11:47:47"
66000000,simultaneous,constant,0,42,0.040727086,0,"","INOVAI-NB-8","CPU info","GCC 13.3.0","2025-10-06 11:47:47"
67000000,separate,constant,0,42,0.020175840,0,"","INOVAI-NB-8","CPU info","GCC 13.3.0","2025-10-06 11:47:47"
67000000,simultaneous,constant,0,42,0.043565853,0,"","INOVAI-NB-8","CPU info","GCC 13.3.0","2025-10-06 11:47:47"
68000000,separate,constant,0,42,0.020882379,0,"","INOVAI-NB-8","CPU info","GCC 13.3.0","2025-10-06 11:47:47"
68000000,simultaneous,constant,0,42,0.043018494,0,"","INOVAI-NB-8","CPU info","GCC 13.3.0","2025-10-06 11:47:47"
69000000,separate,constant,0,42,0.021301409,0,"","INOVAI-NB-8","CPU info","GCC 13.3.0","2025-10-06 11:47:47"
69000000,simultaneous,constant,0,42,0.042291233,0,"","INOVAI-NB-8","CPU info","GCC 13.3.0","2025-10-06 11:47:47"
70000000,separate,constant,0,42,0.022439129,0,"","INOVAI-NB-8","CPU info","GCC 13.3.0","2025-10-06 11:47:47"
70000000,simultaneous,constant,0,42,0.044554765,0,"","INOVAI-NB-8","CPU info","GCC 13.3.0","2025-10-06 11:47:47"
71000000,separate,constant,0,42,0.022342220,0,"","INOVAI-NB-8","CPU info","GCC 13.3.0","2025-10-06 11:47:47"
71000000,simultaneous,constant,0,42,0.043818231,0,"","INOVAI-NB-8","CPU info","GCC 13.3.0","2025-10-06 11:47:47"
72000000,separate,constant,0,42,0.022258192,0,"","INOVAI-NB-8","CPU info","GCC 13.3.0","2025-10-06 11:47:47"
72000000,simultaneous,constant,0,42,0.045330703,0,"","INOVAI-NB-8","CPU info","GCC 13.3.0","2025-10-06 11:47:47"
73000000,separate,constant,0,42,0.022173016,0,"","INOVAI-NB-8","CPU info","GCC 13.3.0","2025-10-06 11:47:47"
73000000,simultaneous,constant,0,42,0.047976353,0,"","INOVAI-NB-8","CPU info","GCC 13.3.0","2025-10-06 11:47:47"
74000000,separate,constant,0,42,0.023394358,0,"","INOVAI-NB-8","CPU info","GCC 13.3.0","2025-10-06 11:47:47"
74000000,simultaneous,constant,0,42,0.046395983,0,"","INOVAI-NB-8","CPU info","GCC 13.3.0","2025-10-06 11:47:47"
100000000,separate,constant,0,42,0.031513456,0,"","INOVAI-NB-8","CPU info","GCC 13.3.0","2025-10-06 11:47:47"
100000000,simultaneous,constant,0,42,0.063562365,0,"","INOVAI-NB-8","CPU info","GCC 13.3.0","2025-10-06 11:47:47"
